afathman,560,[],3061,[3061]
lmercer,294,[],2076,[2076]
oas265,293,[],6018,"[5077, 5017, 6077, 6017, 5076, 5018, 2052, 6018]"
bfaviero,289,[],3061,[]
keanu,280,[],3034,"[2018, 3018, 2076, 2077, 3076, 3077, 3034]"
imgorodi,250,[],2005,[2005]
kezi,250,[],-1,"[3077, 3076, 5017, 4075, 4017, 2077, 3018, 5077, 6077, 4076, 2076, 5076, 6017, 2018, 6018, 62, 63, 64, 65, 68, 69, 72, 76, 87, 91, 93, 96, 97, 98, 99, 100, 101, 1060, 1061, 1062, 1063, 1064, 1065, 1068, 1069, 1072, 1073, 1076, 1077, 1087, 1091, 1093, 1096, 1097, 1098, 1099, 1100, 1101, 2001, 2002, 2003, 2004, 2005, 2006, 2009, 2010, 2012, 2013, 2014, 2020, 2027, 2029, 2033, 2034, 2035, 2036, 2037, 2038, 2046, 2048, 2051, 2052, 2060, 2061, 2062, 2063, 2064, 2065, 2068, 2069, 2070, 2072, 2073, 2078, 2087, 2091, 2093, 2096, 2097, 2098, 2099, 2100, 2101, 3009, 3010, 3012, 3013, 3014, 3020, 3027, 3029, 3033, 3034, 3035, 60, 3036, 3037, 3038, 3044, 3046, 3048, 3051, 3052, 3060, 3061, 3062, 3064, 3068, 3069, 3070, 61, 3072, 3073, 3078, 3087, 3091, 3093, 3096, 3097, 3098, 3099, 3100, 3101, 4001, 4002, 4003, 4004, 4005, 4006, 4009, 4010, 4012, 4013, 4014, 4018, 4020, 4027, 4029, 4033, 4034, 4035, 4036, 4037, 4038, 4046, 4048, 4051, 4052, 4060, 4062, 4064, 4068, 4070, 4071, 4072, 4078, 4087, 4091, 4093, 4096, 4097, 4098, 4099, 4100, 4101, 5001, 5002, 5003, 5004, 5005, 5006, 5009, 5010, 5012, 5013, 5014, 5018, 5020, 5027, 5029, 5033, 5034, 5035, 5036, 5037, 5038, 5044, 5046, 5048, 5051, 5052, 5060, 5062, 5064, 5068, 5070, 5072, 5073, 5078, 5087, 5091, 5093, 5096, 5097, 5098, 5099, 5100, 5101, 6001, 6002, 6003, 6004, 6005, 6006, 6009, 6010, 6012, 6013, 6014, 6020, 6027, 6029, 6033, 6034, 6035, 6036, 6037, 6038, 6044, 6046, 6048, 6051, 6052, 6073, 6078, 6087, 6091, 6093, 6096, 6097, 6098, 6099, 6100, 6101]"
abadij,250,[],2034,[2034]
snaga,242,"['rlmiller', 'warnekej']",4098,"[4097, 4098]"
kbodner,240,['kbodner'],5017,[5017]
tweilu,240,[],5034,"[6077, 5076, 5077, 4076, 6017, 5017, 4075, 4017, 6018, 5018, 4018, 5034]"
gkrusell,240,[],3076,[3076]
leforte,225,['michlee'],4029,"[4020, 4001, 4035, 4029]"
shodges,220,['lenayang'],2061,[2061]
paelle,220,[],5005,[5005]
nspielbe,220,"['nspielbe', 'jkr241']",4035,"[5035, 4035]"
jasony,218,['sresht'],6093,"[6001, 6091, 6029, 6093]"
seto2011,215,['heichan'],1069,"[1064, 1076, 1077, 1065, 1096, 1062, 1101, 1061, 1069]"
bschloss,212,['cshinkle'],3087,"[2052, 3020, 2020, 3087]"
heichan,205,['seto2011'],1069,"[1065, 1077, 1064, 1062, 1076, 1061, 1069]"
ahaidar,201,['emadwill'],3013,"[5001, 6001, 4001, 60, 61, 62, 63, 64, 65, 68, 69, 72, 76, 87, 91, 93, 96, 97, 98, 99, 100, 101, 1060, 1061, 1062, 1063, 1064, 1065, 1068, 1069, 1072, 1073, 1076, 1077, 1087, 1091, 1093, 1096, 1097, 1098, 1099, 1100, 1101, 2001, 2002, 2003, 2004, 2005, 2006, 2009, 2010, 2012, 2013, 2014, 2018, 2020, 2027, 2029, 2033, 2034, 2035, 2036, 2037, 2038, 2046, 2048, 2051, 2052, 2060, 2061, 2062, 2063, 2064, 2065, 2068, 2069, 2070, 2072, 2073, 2076, 2077, 2078, 2087, 2091, 2093, 2096, 2097, 2098, 2099, 2100, 2101, 3009, 3010, 3012, 3013]"
wqian94,201,['wmoses'],2101,"[2052, 3020, 2020, 2101]"
tmoriart,200,['tmoriart'],4034,"[5076, 4076, 3076, 6006, 5006, 6018, 5018, 4018, 3018, 6005, 5005, 6004, 4034]"
jmaury,200,['emauryg'],3091,"[3093, 3091]"
dtyulman,200,[],4075,"[2077, 3077, 2076, 1076, 3076, 4075]"
sresht,195,['jasony'],6093,"[6091, 6093]"
izadmehr,190,['izadmehr'],6034,"[2076, 2077, 6017, 6018, 4076, 5076, 3076, 76, 3077, 5077, 2018, 6077, 3018, 4017, 4018, 5017, 5018, 6034]"
rdearmas,190,['smundo'],5093,"[5018, 5034, 5077, 5101, 5035, 5093]"
ctuan,187,[],4003,"[4018, 4017, 5018, 5077, 5017, 5076, 3076, 3077, 3018, 4003]"
dbgeorge,182,['izadmehr'],4006,"[6004, 4006]"
mcunning,180,[],3044,"[3018, 3044]"
derekwu,180,['sanabria'],5038,"[2052, 5044, 6044, 5020, 4020, 6020, 5029, 5038]"
ahall,180,[],5076,[5076]
smwatson,175,[],3029,"[4017, 3076, 3018, 4076, 4018, 3077, 3064, 4075, 4064, 3062, 4062, 4003, 4006, 5017, 5076, 5018, 5005, 5077, 5064, 5062, 5003, 5006, 6017, 6018, 6005, 6003, 6006, 4004, 5004, 6004, 3096, 3101, 4096, 4101, 5096, 5101, 6096, 6101, 3034, 4034, 5034, 6034, 3029]"
bubblz15,172,['lasya'],6029,[6029]
emadwill,170,['abdulhamid haidar'],4001,"[6001, 5001, 4001]"
eblubin,170,[],1096,[1096]
vrlee93,170,[],5046,"[5018, 5017, 5006, 5005, 5034, 5062, 5076, 5077, 5101, 6003, 6004, 6005, 6006, 6017, 6018, 6096, 6101, 6034, 6077, 4003, 4004, 4005, 4006, 4017, 4034, 4062, 4064, 4075, 4076, 4096, 4101, 4018, 3018, 3034, 3062, 3064, 3096, 3101, 2003, 2004, 2005, 2006, 2018, 2034, 2062, 2064, 2076, 5046]"
azizkag,170,['mhkane'],5013,"[5001, 5002, 5020, 5010, 5014, 5027, 5029, 5033, 5013]"
mitkini,170,['clairez'],2093,[2093]
rohanm,170,[],4062,"[4017, 4034, 4062]"
frvargas,170,[],5003,[5003]
jrosario,167,"['ssueiras', 'gnf']",4038,"[5097, 4097, 2036, 5077, 4075, 5018, 4076, 6077, 5096, 4017, 6017, 5101, 4096, 6018, 5034, 4034, 6096, 6004, 4101, 5004, 5062, 4004, 6101, 6034, 5064, 4003, 4038]"
ashleyw,163,[],2003,"[2018, 2003]"
amitag,162,['amitag'],6038,"[6077, 6018, 6017, 6096, 6003, 6005, 6101, 6038]"
qui,161,[],2004,"[3077, 3076, 2077, 2076, 4075, 4076, 2004]"
victors,160,[],2062,[2062]
nroberts,160,[],4018,[4018]
trotman,160,[],1061,"[1065, 1076, 1077, 1063, 1064, 1061]"
ksabo,160,"['erictu', 'jbowler']",2048,"[2029, 2048]"
kaylah,160,[],76,"[2076, 76]"
jdterry,160,[],1061,[1061]
ajaved,160,"['ej17', 'ajaved']",5012,[5012]
michlee,160,['leforte'],4029,"[4020, 4001, 4035, 4029]"
ayantur,160,[],2077,"[6077, 5077, 2077]"
rlmiller,160,"['snaga', 'warnekej']",4098,"[4097, 4098]"
ej17,160,"['fozan', 'ajaved']",5012,[5012]
pranavk,160,[],1062,"[4006, 4017, 4005, 4076, 4018, 4075, 4064, 6006, 6017, 6005, 6077, 6018, 5017, 5076, 5018, 5077, 5064, 1064, 1062]"
ssueiras,160,"['gnf', 'jrosario']",5033,"[5035, 4035, 2035, 2029, 5029, 4029, 2038, 5038, 4038, 2020, 5020, 4020, 2037, 5037, 4037, 5097, 4097, 2036, 5033]"
gnf,160,"['ssueiras', 'jrosario']",5033,"[5035, 4035, 2035, 2029, 5029, 4029, 2038, 5038, 4038, 2020, 5020, 4020, 2037, 5037, 4037, 5097, 4097, 2036, 5033]"
disanto,160,[],96,"[3076, 5076, 1076, 2076, 3077, 5077, 6077, 1077, 2077, 3018, 5018, 6018, 2018, 5017, 6017, 3096, 3034, 5096, 5034, 6096, 6034, 1096, 2034, 2096, 3101, 5101, 6101, 1101, 2101, 3064, 5006, 5064, 6006, 1064, 2064, 2006, 5005, 6005, 1065, 2005, 2065, 3062, 5003, 5004, 5062, 6004, 6003, 1062, 1063, 2004, 2003, 2062, 2063, 4034, 4018, 4017, 4006, 4005, 4004, 4003, 4062, 4064, 4076, 4075, 4096, 4101, 96]"
sanabria,160,['derekwu'],5029,"[2052, 5044, 6044, 5020, 4020, 6020, 5029]"
warnekej,160,"['sanga', 'rlmiller']",4098,"[4097, 4098]"
versz,160,['preethv'],3046,[3046]
vgnegron,160,[],5060,"[6034, 6017, 6018, 5034, 5017, 5018, 4034, 4017, 4018, 3034, 3018, 2034, 2018, 6001, 5001, 5060]"
ngagnier,160,[],4064,[4064]
jkr241,160,['nspielbe'],4035,"[5035, 4035]"
btambasc,160,[],2063,"[5076, 5077, 5101, 5096, 5017, 5018, 5034, 5064, 5062, 5006, 5004, 5005, 6077, 6017, 6018, 1077, 1076, 4076, 4075, 4017, 4018, 4062, 4064, 4006, 6006, 4034, 6004, 4004, 6003, 4005, 4003, 4096, 6005, 6101, 6096, 6034, 2077, 2076, 2063]"
jlambert,160,[],2009,"[1076, 1077, 2076, 2077, 5076, 6077, 5077, 3076, 4076, 5017, 6017, 3077, 4075, 76, 4017, 6018, 5018, 3018, 2018, 4018, 5096, 6096, 1096, 4096, 2096, 3096, 5034, 6034, 96, 5101, 2034, 3034, 4034, 1101, 2101, 3101, 6101, 4101, 6004, 101, 5003, 5004, 5006, 5062, 6003, 6006, 2004, 4004, 5005, 5064, 6005, 1062, 1064, 2003, 2062, 2064, 3062, 3064, 4003, 1063, 2006, 4006, 4062, 4064, 2005, 2063, 2065, 4005, 62, 1065, 64, 65, 63, 2052, 2009]"
adrianjg,160,[],2020,"[6018, 6077, 6034, 5076, 5018, 5077, 5034, 4076, 4018, 4034, 3076, 3018, 3077, 3034, 2076, 2018, 2077, 2034, 1076, 1077, 76, 6096, 6101, 5096, 5101, 5017, 4096, 4101, 4017, 3096, 3101, 2096, 2101, 1101, 1096, 101, 96, 5004, 5005, 5064, 5062, 5006, 5002, 4004, 4005, 4064, 4062, 4006, 4002, 3064, 3062, 2004, 2005, 2065, 2064, 2062, 2006, 2002, 1063, 1065, 1064, 1062, 63, 65, 64, 62, 2020]"
lasya,160,['bubblz15'],6029,[6029]
jsper,160,[],6004,[]
lenayang,152,['shodges'],2061,[2061]
kevinhan,140,['ermanzi'],1068,"[1060, 1061, 1068]"
3dg42,140,[],3038,[3038]
jbolaji,140,[],2029,"[2034, 2018, 2096, 2076, 2077, 2101, 2003, 2004, 2005, 2006, 2062, 2064, 2065, 2063, 3018, 3034, 3062, 3064, 3076, 3077, 3096, 2029]"
cshinkle,140,['bschloss'],-1,"[2052, 3020, 2020, 3087, 3044, 60, 61, 62, 63, 64, 65, 68, 69, 72, 76, 87, 91, 93, 96, 97, 98, 99, 100, 101, 1060, 1061, 1062, 1063, 1064, 1065, 1068, 1069, 1072, 1073, 1076, 1077, 1087, 1091, 1093, 1096, 1097, 1098, 1099, 1100, 1101, 2001, 2002, 2003, 2004, 2005, 2006, 2009, 2010, 2012, 2013, 2014, 2018, 2027, 2029, 2033, 2034, 2035, 2036, 2037, 2038, 2046, 2048, 2051, 2060, 2061, 2062, 2063, 2064, 2065, 2068, 2069, 2070, 2072, 2073, 2076, 2077, 2078, 2087, 2091, 2093, 2096, 2097, 2098, 2099, 2100, 2101, 3009, 3010, 3012, 3013, 3014, 3018, 3027, 3029, 3033, 3034, 3035, 3036, 3037, 3038, 3046, 3048, 3051, 3052, 3060, 3061, 3062, 3064, 3068, 3069, 3070, 3072, 3073, 3076, 3077, 3078, 3091, 3093, 3096, 3097, 3098, 3099, 3100, 3101, 4001, 4002, 4003, 4004, 4005, 4006, 4009, 4010, 4012, 4013, 4014, 4017, 4018, 4020, 4027, 4029, 4033, 4034, 4035, 4036, 4037, 4038, 4046, 4048, 4051, 4052, 4060, 4062, 4064, 4068, 4070, 4071, 4072, 4075, 4076, 4078, 4087, 4091, 4093, 4096, 4097, 4098, 4099, 4100, 4101, 5001, 5002, 5003, 5004, 5005, 5006, 5009, 5010, 5012, 5013, 5014, 5017, 5018, 5020, 5027, 5029, 5033, 5034, 5035, 5036, 5037, 5038, 5044, 5046, 5048, 5051, 5052, 5060, 5062, 5064, 5068, 5070, 5072, 5073, 5076, 5077, 5078, 5087, 5091, 5093, 5096, 5097, 5098, 5099, 5100, 5101, 6001, 6002, 6003, 6004, 6005, 6006, 6009, 6010, 6012, 6013, 6014, 6017, 6018, 6020, 6027, 6029, 6033, 6034, 6035, 6036, 6037, 6038, 6044, 6046, 6048, 6051, 6052, 6073, 6077, 6078, 6087, 6091, 6093, 6096, 6097, 6098, 6099, 6100, 6101]"
zsteier,140,[],4048,"[4076, 4018, 4004, 4006, 4075, 4017, 4062, 4064, 4003, 4005, 4096, 4034, 4101, 5076, 5018, 5004, 5006, 5062, 5064, 5077, 5017, 5003, 5005, 3076, 3018, 3062, 3064, 3077, 2076, 2018, 2004, 2006, 2062, 2064, 2077, 2003, 2005, 2063, 2065, 5096, 2096, 3096, 5034, 2034, 3034, 5101, 3101, 2101, 1062, 1064, 1063, 1065, 1076, 1077, 1096, 1101, 63, 65, 62, 64, 76, 6004, 6006, 6003, 6005, 6017, 6018, 6034, 4048]"
racheliw,140,[],1101,[1101]
mcav,138,[],3068,"[3076, 3077, 3096, 3101, 3018, 3034, 4076, 4075, 4096, 4017, 4018, 4034, 4101, 2076, 2077, 2018, 2096, 2101, 2034, 1077, 1076, 6077, 6017, 6096, 5076, 5077, 5017, 5018, 6101, 5096, 5101, 5034, 3064, 4064, 4062, 4004, 4003, 4005, 4006, 2062, 2063, 2064, 2065, 2004, 2003, 2005, 2006, 6018, 6004, 6006, 6003, 6005, 5004, 5003, 5006, 5005, 5062, 5064, 1096, 1101, 1062, 1064, 1063, 1065, 76, 96, 101, 62, 64, 63, 65, 3068]"
catliu,137,['wsikes'],2038,"[2064, 2065, 2063, 2062, 2077, 2076, 2018, 2004, 2005, 2003, 2034, 2096, 2101, 1076, 1077, 1096, 1101, 1064, 1062, 1063, 1065, 3076, 3077, 3018, 3034, 3096, 3101, 3064, 3062, 2001, 2038]"
salkilan,131,[],3037,"[3077, 3076, 3018, 2018, 2077, 2076, 1077, 1076, 4076, 4017, 4018, 5017, 5018, 5077, 5076, 6017, 6018, 6077, 6078, 2052, 3020, 3044, 2020, 4020, 3037]"
aabid93,130,['ajaved'],5009,[5009]
gomalley,130,['mayaram'],5014,"[60, 61, 62, 63, 5077, 64, 65, 68, 69, 72, 76, 87, 91, 93, 96, 97, 98, 99, 100, 101, 1060, 1061, 1062, 1063, 1064, 1065, 1068, 1069, 1072, 1073, 1076, 1077, 1087, 1091, 1093, 1096, 1097, 1098, 1099, 1100, 1101, 2001, 2002, 2003, 2004, 2005, 2006, 2009, 2010, 2012, 2013, 2014, 2018, 2020, 2027, 2029, 2033, 2034, 2035, 2036, 2037, 2038, 2046, 2048, 2051, 2052, 2060, 2061, 2062, 2063, 2064, 2065, 2068, 2069, 2070, 2072, 2073, 2076, 2077, 2078, 2087, 2091, 2093, 2096, 2097, 2098, 2099, 2100, 2101, 3009, 3010, 3012, 3013, 3014, 3018, 3020, 3027, 3029, 3033, 3034, 3035, 3036, 3037, 3038, 3044, 3046, 3048, 3051, 3052, 3060, 3061, 3062, 3064, 3068, 3069, 3070, 3072, 3073, 3076, 3077, 3078, 3087, 3091, 3093, 3096, 3097, 3098, 3099, 3100, 3101, 4001, 4002, 4003, 4004, 4005, 4006, 4009, 4010, 4012, 4013, 4014, 4017, 4018, 4020, 4027, 4029, 4033, 4034, 4035, 4036, 4037, 4038, 4046, 4048, 4051, 4052, 4060, 4062, 4064, 4068, 4070, 4071, 4072, 4075, 4076, 4078, 4087, 4091, 4093, 4096, 4097, 4098, 4099, 4100, 4101, 5001, 5002, 5003, 5004, 5005, 5006, 5009, 5010, 5012, 5013, 5014]"
jtilton,130,[],4091,"[4076, 4075, 4017, 4018, 4096, 4034, 4101, 4004, 4003, 4006, 4062, 4064, 4005, 3076, 3077, 3018, 3096, 3034, 3101, 3062, 3064, 5076, 5077, 5017, 5018, 5096, 5034, 5101, 6077, 6017, 6018, 6096, 6034, 6101, 5003, 5004, 5006, 5062, 5005, 5064, 6004, 6003, 6006, 6005, 4091]"
berjc,128,[],2060,"[5076, 6077, 5077, 2076, 3076, 4076, 5017, 6017, 2077, 3077, 4075, 4017, 6018, 5018, 3018, 2018, 4018, 5096, 6096, 2096, 3096, 4096, 5034, 6034, 5101, 4034, 2034, 3034, 2101, 3101, 4101, 6101, 6004, 2004, 2003, 2062, 2064, 2006, 2005, 2063, 2065, 60, 3064, 4004, 4003, 4006, 4062, 4064, 4005, 5003, 5004, 5006, 5062, 5005, 5064, 6003, 6006, 6005, 1076, 1077, 1096, 1101, 1062, 1064, 1063, 1065, 76, 96, 101, 62, 64, 65, 63, 2060]"
lnferris,128,['ompeace'],3009,"[3018, 3034, 3101, 3062, 3064, 3077, 3096, 3076, 2003, 2004, 2005, 2006, 2018, 2034, 2062, 2063, 2064, 2065, 2076, 2077, 2096, 2101, 4003, 4004, 4005, 4006, 4017, 4018, 4034, 4062, 4064, 4075, 4076, 4096, 4101, 6003, 6004, 6005, 6006, 6017, 6018, 6034, 6077, 6096, 6101, 5003, 5004, 5005, 5006, 5017, 5018, 5034, 5062, 5064, 5076, 5077, 5096, 5101, 3029, 3020, 3027, 3091, 3044, 2029, 2020, 2027, 3073, 3069, 3013, 3072, 3068, 3014, 2091, 3009]"
emkaz,125,['linjenny'],4002,"[4064, 4076, 4075, 4017, 4018, 3076, 3018, 5076, 5017, 5018, 2076, 2077, 2018, 2064, 5064, 3064, 4062, 4006, 4004, 5006, 2006, 4002]"
alsaeed,120,['aabdalla'],5013,[5013]
preethv,120,"['preethv', 'versz']",3046,[3046]
osheizao,120,['zianga'],5010,"[5020, 5044, 5001, 5091, 5010]"
zianga,120,['osheizao'],5010,"[2052, 5020, 5044, 5001, 5091, 4020, 6020, 6044, 3020, 5029, 5010]"
hege,120,"['hege', 'suarez']",2091,[2091]
emilyhdo,120,[],5006,"[5005, 5006]"
lullmann,119,[],5070,"[5101, 5096, 5034, 5076, 5077, 5018, 5017, 5064, 5062, 5006, 5005, 5004, 5003, 5070]"
evanw,118,['pschwein'],2036,"[2064, 2065, 2063, 2062, 2077, 2076, 2018, 2004, 2005, 2003, 2034, 2096, 2101, 2001, 2038, 2036]"
wsikes,116,['catliu'],2038,"[2077, 2076, 2018, 2034, 2096, 2101, 2065, 2063, 2062, 2004, 2064, 2005, 2003, 2006, 1077, 60, 61, 62, 63, 64, 65, 68, 69, 72, 76, 87, 91, 93, 96, 97, 98, 99, 100, 101, 1060, 1061, 1062, 1063, 1064, 1065, 1068, 1069, 1072, 1073, 1076, 1087, 1091, 1093, 1096, 1097, 1098, 1099, 1100, 1101, 2001, 2002, 2009, 2010, 2012, 2013, 2014, 2020, 2027, 2029, 2033, 2035, 2036, 2037, 2038]"
nayeonk,109,[],6010,"[6077, 6018, 6017, 6096, 6101, 6034, 6006, 6004, 6005, 6003, 5076, 5077, 5018, 5017, 5096, 5101, 5034, 5006, 5004, 5005, 5003, 4076, 2076, 4018, 2018, 4017, 2077, 4096, 4101, 4034, 4006, 4004, 4005, 4003, 2096, 2101, 2034, 2006, 2004, 2005, 2003, 6078, 6020, 6037, 6038, 6044, 6091, 6093, 6010]"
audreyo,100,[],2006,[2006]
jbowler,100,['ksabo'],2048,[2048]
jscotler,100,['aprabhu'],6073,[6073]
osmundsr,100,['moriel'],3070,"[3061, 2061, 2001, 4001, 3029, 2029, 4029, 3087, 2087, 4087, 3035, 2035, 4035, 3060, 2060, 4060, 2002, 4002, 3010, 2010, 4010, 3068, 2068, 4068, 3069, 2069, 3009, 2009, 4009, 2013, 3070]"
thavi,100,[],1077,[1077]
meizuo,100,[],65,[65]
limab,100,['andreasg'],5091,"[5035, 5001, 5020, 5091]"
tcwong,96,[],2010,"[2018, 2034, 2076, 2077, 2004, 2003, 2006, 2005, 2064, 2062, 2065, 2063, 4017, 4018, 4034, 4076, 4004, 4003, 4006, 4005, 4064, 4062, 3018, 3034, 3076, 3077, 3064, 3062, 1076, 1077, 1064, 1062, 1065, 1063, 5017, 5018, 5034, 5076, 5077, 5004, 5003, 5006, 5005, 5064, 5062, 6017, 6018, 6034, 6077, 6004, 6003, 6006, 6005, 76, 64, 62, 65, 63, 2020, 2001, 2002, 4020, 3020, 2010]"
pkennedy,95,['mgull'],2068,"[2020, 3020, 2001, 2035, 2037, 2038, 2029, 2002, 2061, 3035, 3037, 3038, 3029, 3044, 2060, 3060, 3061, 1060, 1061, 2093, 2091, 2087, 3093, 3091, 3087, 2034, 3034, 2018, 3018, 2076, 2077, 1076, 1077, 2101, 1101, 2096, 3096, 3101, 1096, 3077, 3076, 2068]"
yuqingz,95,['jjthomas'],4097,"[4029, 5029, 6029, 3029, 2029, 4087, 5087, 6087, 3087, 2087, 4038, 5038, 6038, 3038, 2038, 4093, 5093, 6093, 3093, 2093, 4096, 5096, 6096, 3096, 2096, 60, 61, 62, 63, 64, 4078, 65, 68, 69, 72, 76, 87, 91, 93, 96, 97, 98, 99, 100, 101, 1060, 1061, 1062, 1063, 1064, 1065, 1068, 1069, 1072, 1073, 1076, 1077, 1087, 1091, 1093, 1096, 1097, 1098, 1099, 1100, 1101, 2001, 2002, 2003, 2004, 2005, 2006, 2009, 2010, 2012, 2013, 2014, 2018, 2020, 2027, 2033, 2034, 2035, 2036, 2037, 2046, 2048, 2051, 2052, 2060, 2061, 2062, 2063, 2064, 2065, 2068, 2069, 2070, 2072, 2073, 2076, 2077, 2078, 2091, 2097, 2098, 2099, 2100, 2101, 3009, 3010, 3012, 3013, 3014, 3018, 3020, 3027, 3033, 3034, 3035, 3036, 3037, 3044, 3046, 3048, 3051, 3052, 3060, 3061, 3062, 3064, 3068, 3069, 3070, 3072, 3073, 3076, 3077, 3078, 3091, 3097, 3098, 3099, 3100, 3101, 4001, 4002, 4003, 4004, 4005, 4006, 4009, 4010, 4012, 4013, 4014, 4017, 4018, 4020, 4027, 4033, 4034, 4035, 4036, 4037, 4046, 4048, 4051, 4052, 4060, 4062, 4064, 4068, 4070, 4071, 4072, 4075, 4076, 4091, 4097]"
pnagaraj,93,[],3097,"[3077, 5077, 6077, 60, 61, 62, 64, 65, 68, 69, 72, 76, 87, 91, 93, 96, 97, 98, 99, 100, 101, 1060, 1061, 1062, 1063, 1064, 1065, 1068, 1069, 1072, 1073, 1076, 1077, 1087, 1091, 1093, 1096, 1097, 1098, 1099, 1100, 1101, 2001, 2002, 2003, 2004, 2005, 2006, 2009, 2010, 2012, 2013, 2014, 2018, 2020, 2027, 2029, 2033, 2034, 2035, 2036, 2037, 2038, 2046, 2048, 2051, 2052, 2060, 2061, 2062, 2063, 2064, 2065, 2068, 2069, 2070, 2072, 2073, 2076, 2077, 2078, 2087, 2091, 2093, 2096, 2097, 2098, 2099, 2100, 2101, 3009, 3010, 3012, 3013, 3014, 3018, 3020, 3027, 3029, 3033, 3034, 3035, 3036, 3037, 3038, 3044, 3046, 3048, 3051, 3052, 3060, 3061, 3062, 3064, 3068, 3069, 3070, 3072, 3073, 3076, 3078, 3087, 3091, 3093, 3096, 3097]"
rainane,93,['kylai'],2097,"[2069, 2073, 2091, 2051, 2093, 2068, 2087, 3069, 3073, 3091, 3093, 4071, 4091, 4072, 4087, 5073, 4068, 5068, 5072, 5093, 6073, 6091, 6093, 6087, 6014, 6010, 2097]"
navarrom,93,['elaukai'],6048,"[6078, 6048]"
kylai,93,['rainane'],2097,[2097]
pzarker,92,['pzarker'],64,"[6077, 5077, 3077, 2077, 1077, 5076, 4076, 3076, 2076, 1076, 4075, 6017, 5017, 4017, 6018, 5018, 4018, 3018, 2018, 6096, 5096, 4096, 3096, 2096, 1096, 6034, 5034, 4034, 3034, 2034, 6101, 5101, 4101, 3101, 2101, 1101, 6004, 6003, 2003, 4003, 5003, 2004, 4004, 5004, 6005, 2005, 4005, 5005, 2006, 4006, 5006, 6006, 1062, 3062, 5062, 2062, 4062, 1063, 2063, 1064, 5064, 2064, 3064, 4064, 1065, 2065, 76, 96, 64]"
rahunt,92,['dcbarnes'],3048,"[3029, 3020, 3035, 3091, 4029, 2020, 4035, 2091, 2029, 4020, 2035, 4091, 3061, 3093, 3087, 4001, 2093, 2087, 2061, 4093, 4087, 5029, 5020, 5035, 5091, 6029, 6020, 6035, 6091, 3027, 3038, 3037, 4027, 4038, 4037, 2027, 2037, 5001, 5093, 5087, 6001, 6093, 6087, 3048]"
fschembr,90,[],6009,"[6003, 6004, 6005, 6006, 6017, 6020, 6034, 6077, 6096, 6101, 6009]"
ermanzi,90,"['ermanzi', 'kevinhan']",1068,"[1060, 1061, 1068]"
bjames,90,['bensonb'],3078,"[4097, 4098, 3097, 3036, 3098, 4046, 60, 61, 62, 63, 64, 65, 68, 69, 72, 76, 87, 91, 93, 96, 97, 98, 99, 100, 101, 1060, 1061, 1062, 1063, 1064, 1065, 1068, 1069, 1072, 1073, 1076, 1077, 1087, 1091, 1093, 1096, 1097, 1098, 1099, 1100, 1101, 2001, 2002, 2003, 2004, 2005, 2006, 2009, 2010, 2012, 2013, 2014, 2018, 2020, 2027, 2029, 2033, 2034, 2035, 2036, 2037, 2038, 2046, 2048, 2051, 2052, 2060, 2061, 2062, 2063, 2064, 2065, 2068, 2069, 2070, 2072, 2073, 2076, 2077, 2078, 2087, 2091, 2093, 2096, 2097, 2098, 2099, 2100, 2101, 3009, 3010, 3012, 3013, 3014, 3018, 3020, 3027, 3029, 3033, 3034, 3035, 3037, 3038, 3044, 3046, 3048, 3051, 3052, 3060, 3061, 3062, 3064, 3068, 3069, 3070, 3072, 3073, 3076, 3077, 3078]"
dcbarnes,90,['rahunt'],3048,"[3029, 3020, 3035, 3091, 4029, 2020, 4035, 2091, 2029, 4020, 2035, 4091, 3061, 3093, 3087, 4001, 2093, 2087, 2061, 4093, 4087, 5029, 5035, 5091, 6029, 6020, 6035, 6091, 3027, 5020, 3038, 3037, 4027, 4038, 4037, 2027, 2037, 5001, 5093, 5087, 6001, 6093, 6087, 3048]"
mosobay,90,[],2065,"[5018, 5076, 5077, 6077, 6017, 5096, 6018, 5101, 2065]"
johnfw,90,"['johnfw', 'airani']",4001,[4001]
torij,90,[],6087,[]
ieng,83,"['ieng', 'dmundo']",5036,"[2001, 2061, 2002, 2060, 2037, 2093, 2038, 2073, 2069, 61, 2068, 2072, 2010, 1061, 2009, 5036]"
sfalcon,83,[],5029,"[5076, 6077, 5077, 6017, 5017, 4076, 4075, 4017, 3076, 3077, 5018, 6018, 4018, 3018, 6096, 5096, 2076, 1076, 4096, 5034, 6034, 5101, 4034, 6101, 6004, 4101, 3096, 3034, 3101, 2077, 1077, 2018, 2096, 2034, 2101, 76, 1096, 96, 1101, 101, 5004, 5003, 6006, 6003, 5062, 5006, 6005, 5064, 4004, 4003, 4064, 4062, 4006, 4005, 5005, 2004, 3064, 3062, 2064, 2062, 2003, 1064, 1062, 2006, 1063, 2065, 2063, 2005, 1065, 62, 64, 65, 63, 60, 61, 68, 69, 72, 87, 91, 93, 97, 98, 99, 100, 1060, 1061, 1068, 1069, 1072, 1073, 1087, 1091, 1093, 1097, 1098, 1099, 1100, 2001, 2002, 2009, 2010, 2012, 2013, 2014, 2020, 2027, 2029, 2033, 2035, 2036, 2037, 2038, 2046, 2048, 2051, 2052, 2060, 2061, 2068, 2069, 2070, 2072, 2073, 2078, 2087, 2091, 2093, 2097, 2098, 2099, 2100, 3009, 3010, 3012, 3013, 3014, 3020, 3027, 3029, 3033, 3035, 3036, 3037, 3038, 3044, 3046, 3048, 3051, 3052, 3060, 3061, 3068, 3069, 3070, 3072, 3073, 3078, 3087, 3091, 3093, 3097, 3098, 3099, 3100, 4001, 4002, 4009, 4010, 4012, 4013, 4014, 4020, 4027, 4029, 4033, 4035, 4036, 4037, 4038, 4046, 4048, 4051, 4052, 4060, 4068, 4070, 4071, 4072, 4078, 4087, 4091, 4093, 4097, 4098, 4099, 4100, 5001, 5002, 5009, 5010, 5012, 5013, 5014, 5020, 5027, 5029]"
lynnt,82,['ymano'],3098,"[4038, 4035, 4029, 4027, 3029, 3035, 3033, 3098]"
pschwein,80,[],2036,"[2038, 2001, 2002, 2003, 2004, 2005, 2006, 2009, 2010, 2012, 2013, 2014, 2034, 2018, 2020, 2027, 2029, 2033, 2035, 2037, 2052, 2060, 2061, 2062, 2063, 2064, 2065, 2068, 2069, 2070, 2072, 2073, 2076, 2077, 2078, 2091, 2096, 2093, 2099, 2100, 2101, 2087, 2048, 2046, 2097, 2098, 2036]"
linjenny,80,['emkaz'],4002,"[4003, 4062, 4064, 4017, 4018, 4075, 4076, 4101, 4034, 4096, 4002]"
erictu,80,['ksabo'],2070,"[2048, 60, 61, 62, 63, 64, 65, 68, 69, 72, 76, 87, 91, 93, 96, 97, 98, 99, 100, 101, 1060, 1061, 1062, 1063, 1064, 1065, 1068, 1069, 1072, 1073, 1076, 1077, 1087, 1091, 1093, 1096, 1097, 1098, 1099, 1100, 1101, 2001, 2002, 2003, 2004, 2005, 2006, 2009, 2010, 2012, 2013, 2014, 2018, 2020, 2027, 2029, 2033, 2034, 2035, 2036, 2037, 2038, 2046, 2051, 2052, 2060, 2061, 2062, 2063, 2064, 2065, 2068, 2069, 2070]"
rcuozzo,80,"['kezi', 'kezi']",1093,"[2020, 2001, 1093]"
mprado21,80,['fcunha'],5037,[5037]
kgohres,80,['mkhang'],5052,"[5027, 5048, 5068, 5076, 60, 61, 62, 63, 64, 65, 68, 69, 72, 76, 87, 91, 93, 96, 97, 98, 99, 100, 101, 1060, 1061, 1062, 1063, 1064, 1065, 1068, 1069, 1072, 1073, 1076, 1077, 1087, 1091, 1093, 1096, 1097, 1098, 1099, 1100, 1101, 2001, 2002, 2003, 2004, 2005, 2006, 2009, 2010, 2012, 2013, 2014, 2018, 2020, 2027, 2029, 2033, 2034, 2035, 2036, 2037, 2038, 2046, 2048, 2051, 2052, 2060, 2061, 2062, 2063, 2064, 2065, 2068, 2069, 2070, 2072, 2073, 2076, 2077, 2078, 2087, 2091, 2093, 2096, 2097, 2098, 2099, 2100, 2101, 3009, 3010, 3012, 3013, 3014, 3018, 3020, 3027, 3029, 3033, 3034, 3035, 3036, 3037, 3038, 3044, 3046, 3048, 3051, 3052, 3060, 3061, 3062, 3064, 3068, 3069, 3070, 3072, 3073, 3076, 3077, 3078, 3087, 3091, 3093, 3096, 3097, 3098, 3099, 3100, 3101, 4001, 4002, 4003, 4004, 4005, 4006, 4009, 4010, 4012, 4013, 4014, 4017, 4018, 4020, 4027, 4029, 4033, 4034, 4035, 4036, 4037, 4038, 4046, 4048, 4051, 4052, 4060, 4062, 4064, 4068, 4070, 4071, 4072, 4075, 4076, 4078, 4087, 4091, 4093, 4096, 4097, 4098, 4099, 4100, 4101, 5001, 5002, 5003, 5004, 5005, 5006, 5009, 5010, 5012, 5013, 5014, 5017, 5018, 5020, 5029, 5033, 5034, 5035, 5036, 5037, 5038, 5044, 5046, 5051, 5052]"
kyradoug,80,['jsmcp@mit.edu'],1087,[1087]
smundo,80,"['sebsan', 'rdearmas']",5093,[5093]
davidhdp,80,['joseml'],6035,"[6077, 6017, 6018, 6096, 6034, 6101, 6004, 6003, 6006, 6005, 5076, 5077, 5017, 5018, 5096, 5034, 5101, 5003, 5004, 5006, 5062, 5005, 5064, 4076, 4075, 4017, 4018, 4096, 4034, 4101, 4004, 4003, 4006, 4062, 4064, 4005, 3076, 3077, 3018, 3096, 3034, 3101, 3062, 3064, 2076, 2077, 2018, 2096, 2034, 2101, 2004, 2003, 2062, 2064, 2006, 2005, 2063, 2065, 1076, 1077, 1096, 1101, 1062, 1064, 1063, 1065, 76, 96, 62, 64, 65, 63, 6035]"
jwellons,80,[],91,"[76, 101, 63, 65, 64, 62, 96, 91]"
jjthomas,80,['yuqingz'],4097,"[4029, 6029, 5029, 3029, 2029, 4087, 5087, 6087, 3087, 2087, 4038, 5038, 6038, 3038, 2038, 4093, 5093, 6093, 3093, 2093, 5078, 60, 61, 62, 63, 64, 65, 68, 69, 72, 76, 87, 91, 93, 96, 97, 98, 99, 100, 101, 1060, 1061, 1062, 1063, 1064, 1065, 1068, 1069, 1072, 1073, 1076, 1077, 1087, 1091, 1093, 1096, 1097, 1098, 1099, 1100, 1101, 2001, 2002, 2003, 2004, 2005, 2006, 2009, 2010, 2012, 2013, 2014, 2018, 2020, 2027, 2033, 2034, 2035, 2036, 2037, 2046, 2048, 2051, 2052, 2060, 2061, 2062, 2063, 2064, 2065, 2068, 2069, 2070, 2072, 2073, 2076, 2077, 2078, 2091, 2096, 2097, 2098, 2099, 2100, 2101, 3009, 3010, 3012, 3013, 3014, 3018, 3020, 3027, 3033, 3034, 3035, 3036, 3037, 3044, 3046, 3048, 3051, 3052, 3060, 3061, 3062, 3064, 3068, 3069, 3070, 3072, 3073, 3076, 3077, 3078, 3091, 3096, 3097, 3098, 3099, 3100, 3101, 4001, 4002, 4003, 4004, 4005, 4006, 4009, 4010, 4012, 4013, 4014, 4017, 4018, 4020, 4027, 4033, 4034, 4035, 4036, 4037, 4046, 4048, 4051, 4052, 4060, 4062, 4064, 4068, 4070, 4071, 4072, 4075, 4076, 4078, 4096, 4097]"
karinnav,80,[],6078,"[3096, 3064, 3034, 3018, 101, 64, 65, 63, 62, 60, 61, 68, 69, 72, 76, 87, 91, 93, 96, 97, 98, 99, 100, 1060, 1061, 1062, 1063, 1064, 1065, 1068, 1069, 1072, 1073, 1076, 1077, 1087, 1091, 1093, 1096, 1097, 1098, 1099, 1100, 1101, 2001, 2002, 2003, 2004, 2005, 2006, 2009, 2010, 2012, 2013, 2014, 2018, 2020, 2027, 2029, 2033, 2034, 2035, 2036, 2037, 2038, 2046, 2048, 2051, 2052, 2060, 2061, 2062, 2063, 2064, 2065, 2068, 2069, 2070, 2072, 2073, 2076, 2077, 2078, 2087, 2091, 2093, 2096, 2097, 2098, 2099, 2100, 2101, 3009, 3010, 3012, 3013, 3014, 3020, 3027, 3029, 3033, 3035, 3036, 3037, 3038, 3044, 3046, 3048, 3051, 3052, 3060, 3061, 3062, 3068, 3069, 3070, 3072, 3073, 3076, 3077, 3078, 3087, 3091, 3093, 3097, 3098, 3099, 3100, 3101, 4001, 4002, 4003, 4004, 4005, 4006, 4009, 4010, 4012, 4013, 4014, 4017, 4018, 4020, 4027, 4029, 4033, 4034, 4035, 4036, 4037, 4038, 4046, 4048, 4051, 4052, 4060, 4062, 4064, 4068, 4070, 4071, 4072, 4075, 4076, 4078, 4087, 4091, 4093, 4096, 4097, 4098, 4099, 4100, 4101, 5001, 5002, 5003, 5004, 5005, 5006, 5009, 5010, 5012, 5013, 5014, 5017, 5018, 5020, 5027, 5029, 5033, 5034, 5035, 5036, 5037, 5038, 5044, 5046, 5048, 5051, 5052, 5060, 5062, 5064, 5068, 5070, 5072, 5073, 5076, 5077, 5078, 5087, 5091, 5093, 5096, 5097, 5098, 5099, 5100, 5101, 6001, 6002, 6003, 6004, 6005, 6006, 6009, 6010, 6012, 6013, 6014, 6017, 6018, 6020, 6027, 6029, 6033, 6034, 6035, 6036, 6037, 6038, 6044, 6046, 6048, 6051, 6052, 6073, 6077, 6078]"
mgull,80,['pkennedy'],2068,"[2020, 3020, 2001, 2035, 2037, 2038, 2029, 2002, 2061, 3035, 3037, 3038, 3029, 3044, 2060, 3060, 3061, 1060, 1061, 2093, 2091, 2087, 3093, 3091, 3087, 2068]"
joseml,80,['davidhdp'],6035,[6035]
mounica,80,['gryang'],4068,"[4091, 3091, 4093, 3093, 4020, 3020, 5091, 4087, 3087, 5087, 4038, 3038, 5038, 4037, 3037, 5037, 4029, 3029, 5029, 4027, 3027, 5027, 4068]"
fcunha,80,['mprado21'],5037,[5037]
gryang,80,['mounica'],4068,"[4091, 3091, 4093, 3093, 4020, 3020, 5091, 4087, 3087, 5087, 4038, 3038, 5038, 4037, 3037, 5037, 4029, 3029, 5029, 4027, 3027, 5027, 4068]"
clairez,80,"['clairez', 'mitkini']",2093,[2093]
zhangd,80,[],2078,"[2052, 2051, 2097, 2060, 2076, 2101, 2077, 2078]"
asriniva,80,['njl'],4097,[]
dflarson,80,['cjford'],4027,"[4020, 4027]"
ellenliv,80,[],4020,"[6101, 6096, 6077, 6034, 6017, 6018, 6006, 6005, 6004, 6003, 5096, 5077, 5101, 5076, 5062, 5004, 5064, 5034, 5018, 5006, 5017, 5005, 5003, 4017, 4101, 4096, 4076, 4075, 4064, 4062, 3101, 4003, 4034, 4006, 4018, 3077, 3096, 4005, 3076, 3062, 3064, 3034, 4004, 3018, 2096, 2101, 2077, 2076, 2065, 2064, 2063, 2062, 2034, 101, 1062, 1063, 1064, 1065, 1076, 1077, 1096, 2003, 2004, 2006, 2018, 2005, 1101, 62, 64, 65, 96, 4020]"
kulpreet,80,['vvachh'],4071,"[4075, 4076, 4096, 4003, 4005, 4004, 4006, 4017, 4018, 4034, 4062, 4064, 4020, 4091, 4001, 4071]"
aprabhu,80,['jscotler'],6073,[6073]
emauryg,80,['jmaury'],3091,[3091]
xubosun,80,['gabrielj'],5068,[5068]
gabrielj,80,['xubosun'],5068,[5068]
lopezm,80,['a_yu'],60,"[3037, 3038, 4038, 4037, 5037, 5038, 6038, 6037, 3020, 4020, 5020, 6020, 3033, 4033, 5033, 6033, 3027, 4027, 5027, 6027, 4001, 5001, 6001, 2061, 3061, 2087, 3087, 4087, 5087, 6087, 87, 1060, 2060, 3060, 4060, 5060, 61, 60]"
samueli,80,[],2001,"[2006, 2005, 2004, 2003, 2034, 2062, 2018, 2064, 2065, 2063, 2076, 2077, 2096, 2101, 2001]"
katross,80,[],3093,"[3096, 3077, 3076, 1076, 1077, 1096, 3018, 3062, 3064, 3034, 2034, 2077, 2078, 2018, 2076, 5096, 2096, 6096, 5034, 5064, 5076, 5017, 6018, 6077, 6017, 5018, 4034, 4062, 6034, 4064, 5077, 1063, 1064, 4003, 4004, 4005, 4006, 2005, 1062, 2004, 1065, 2006, 2003, 5003, 5002, 5004, 5005, 5006, 6004, 6006, 6005, 6003, 96, 76, 62, 63, 64, 65, 101, 1101, 2101, 3101, 4101, 5101, 6101, 3093]"
kaustavg,80,[],3097,"[101, 96, 76, 62, 64, 65, 63, 5076, 5077, 6077, 1076, 2076, 3076, 4076, 6017, 1077, 2077, 3077, 4017, 5018, 5017, 2018, 4018, 5096, 6096, 1096, 4096, 2096, 3096, 6034, 5034, 6018, 5101, 2034, 3034, 4034, 1101, 2101, 3101, 6101, 4101, 6004, 5003, 5004, 5006, 3097]"
jmped45,80,[],6044,[6044]
jiaqixie,80,[],3073,"[2069, 2073, 3069, 4071, 4075, 5073, 3073]"
uayyaz,80,['noor eddin amer'],3014,"[3020, 3044, 3035, 3029, 3037, 3038, 3027, 3014]"
njl,80,['asriniva'],2029,[2029]
pranam,80,['duyha'],2035,"[2061, 60, 2035]"
dkim15,80,['khanling'],2037,[2037]
asailesh,80,[],2002,[]
ibakare,80,[],5002,[]
yongyic,80,[],6076,[]
ahpeters,75,[],5073,[5073]
aathalye,72,['idr'],5051,"[5076, 5018, 5077, 5017, 5096, 5034, 5004, 5062, 5006, 5064, 6018, 6077, 6004, 4076, 4018, 4004, 3076, 3018, 3077, 2076, 2018, 2077, 2004, 5101, 5003, 5005, 6096, 6034, 6006, 4096, 4034, 4062, 4006, 4064, 3096, 3034, 3062, 2096, 2034, 2062, 2006, 2064, 5001, 5020, 5060, 5002, 5068, 5010, 5078, 5014, 5072, 5035, 5044, 5038, 5091, 5037, 5029, 5048, 5046, 5087, 5093, 5073, 5012, 5070, 5027, 5009, 5013, 5033, 5100, 5099, 6001, 6020, 6002, 6010, 6078, 6014, 6035, 6044, 6038, 6091, 6037, 6029, 6048, 6046, 6087, 6093, 6073, 6012, 6027, 6009, 6013, 6033, 6100, 6099, 6017, 4020, 4060, 4078, 4002, 4014, 4068, 4072, 4017, 4001, 4010, 5051]"
aneesh1,70,[],97,[97]
alican,70,['asalloum'],5036,"[5020, 5001, 5044, 5035, 5038, 5091, 5060, 5002, 5037, 5029, 5087, 5093, 5048, 5027, 5046, 5068, 5010, 5078, 5073, 5013, 5009, 5014, 5072, 5033, 5100, 5099, 5012, 5070, 5036]"
mtai168,68,['chewc'],4014,"[4034, 3034, 5034, 4017, 4018, 4005, 4006, 4003, 4004, 3018, 5017, 5018, 4062, 4064, 4075, 4076, 4096, 4101, 3064, 3062, 4035, 4038, 4033, 4037, 4002, 4001, 4029, 4027, 4020, 4060, 4078, 4013, 4010, 4009, 4012, 4046, 4048, 4068, 4071, 4072, 4070, 4091, 4087, 4093, 4100, 4099, 3035, 3038, 3033, 3037, 3029, 3027, 3020, 3061, 3060, 3078, 3013, 3014, 3010, 3009, 3012, 3044, 3046, 3048, 3068, 3072, 3070, 3069, 3073, 3091, 3087, 3093, 3100, 3099, 5035, 5037, 5038, 5027, 5029, 5033, 5020, 4014]"
jonlu,66,[],61,"[1076, 1077, 1064, 1065, 1062, 1063, 64, 65, 63, 62, 1068, 1069, 1072, 1073, 1061, 1060, 69, 68, 61]"
jcoffrin,66,['suzmue'],5052,"[5087, 5029, 5020, 5091, 5033, 5035, 5038, 5037, 5044, 5093, 5068, 5010, 5048, 5046, 5001, 5078, 5014, 5013, 5009, 5073, 5072, 5060, 5002, 6087, 6020, 5100, 5099, 5012, 5070, 5052]"
emule,65,['txwu'],3035,[3035]
aluh,60,['zhangd'],2051,"[2052, 2020, 2061, 2060, 2068, 2069, 2091, 2087, 2093, 2078, 2051]"
tinashe,60,[],5020,"[5018, 5017, 5034, 5006, 5005, 5003, 5004, 6018, 6017, 6034, 6006, 6004, 6005, 6003, 4018, 4017, 4034, 4006, 4005, 4003, 4004, 3034, 3018, 2018, 2003, 2034, 2006, 2005, 2004, 5020]"
hermoonw,60,"['hermoonw', 'dbarilla']",98,"[2087, 2091, 2069, 3098, 98]"
bdurva,60,['anadeem'],4072,"[5014, 5010, 5009, 4014, 4012, 4002, 4004, 4072]"
jtheron,60,[],5020,"[1062, 1063, 1064, 1065, 1076, 1077, 1101, 1096, 2003, 2004, 2005, 2006, 2018, 2062, 2063, 2064, 2065, 2076, 2077, 3096, 3077, 3076, 3064, 3062, 3034, 4004, 4018, 4005, 4017, 4034, 4006, 4075, 4003, 4076, 4064, 2096, 3101, 4062, 3018, 4096, 5003, 2101, 5006, 5017, 5005, 5004, 5018, 5034, 5064, 5096, 5101, 5077, 6005, 6034, 6077, 6101, 6096, 6018, 6006, 6017, 6003, 6004, 5076, 5062, 5020]"
rjansen,60,[],4060,[4060]
khanling,60,['dkim15'],2037,[2037]
ymano,57,['lynnt'],3033,"[4038, 4035, 4029, 4027, 3029, 3035, 3033]"
moriel,53,['osmundsr'],2013,"[3061, 2061, 2001, 4001, 3029, 2029, 4029, 3087, 2087, 4087, 3035, 2035, 4035, 3060, 2060, 4060, 2002, 4002, 3010, 2010, 4010, 3068, 2068, 4068, 3069, 2069, 3009, 2009, 4009, 2013]"
yasyf,52,['cmozarmi'],2099,"[2100, 2087, 2078, 2073, 2072, 2070, 2068, 2069, 2093, 2091, 2002, 2009, 2010, 2012, 2013, 2014, 2020, 2027, 2029, 2033, 2035, 2037, 2038, 2048, 2052, 2060, 2061, 2099]"
ekurzban,51,['alimay'],6013,"[6087, 6020, 6001, 6044, 6091, 6035, 6038, 6029, 6093, 6037, 6027, 6010, 6002, 6078, 6073, 6014, 6009, 6003, 6100, 6012, 6099, 6046, 6048, 6033, 6013]"
dbarilla,51,"['dbarilla', 'hermoonw']",3098,"[2087, 2091, 2069, 3098]"
elv,51,['anic'],6033,"[6001, 6002, 6035, 6091, 6010, 6009, 6014, 6013, 6093, 6087, 6078, 6073, 6033]"
hcapponi,51,['elgreen'],1072,"[2100, 1072]"
pmstuder,50,['arlette'],87,"[6035, 6091, 6093, 6087, 6029, 6038, 6037, 6027, 6010, 6001, 6078, 6073, 6009, 6013, 6014, 6012, 87]"
alimay,50,['ekurzban'],6013,"[6087, 6020, 6001, 6044, 6091, 6035, 6038, 6029, 6093, 6037, 6027, 6010, 6002, 6078, 6014, 6009, 6033, 6100, 6012, 6099, 6046, 6048, 6013]"
idr,50,[],5051,"[60, 61, 62, 63, 64, 65, 68, 69, 72, 76, 87, 91, 93, 96, 97, 98, 99, 100, 101, 1060, 1061, 1062, 1063, 1064, 1065, 1068, 1069, 1072, 1073, 1076, 1077, 1087, 1091, 1093, 1096, 1097, 1098, 1099, 1100, 1101, 2001, 2002, 2003, 2004, 2005, 2006, 2009, 2010, 2012, 2013, 2014, 2018, 2020, 2027, 2029, 2033, 2034, 2035, 2036, 2037, 2038, 2046, 2048, 2051, 2052, 2060, 2061, 2062, 2063, 2064, 2065, 2068, 2069, 2070, 2072, 2073, 2076, 2077, 2078, 2087, 2091, 2093, 2096, 2097, 2098, 2099, 2100, 2101, 3009, 3010, 3012, 3013, 3014, 3018, 3020, 3027, 3029, 3033, 3034, 3035, 3036, 3037, 3038, 3044, 3046, 3048, 3051, 3052, 3060, 3061, 3062, 3064, 3068, 3069, 3070, 3072, 3073, 3076, 3077, 3078, 3087, 3091, 3093, 3096, 3097, 3098, 3099, 3100, 3101, 4001, 4002, 4003, 4004, 4005, 4006, 4009, 4010, 4012, 4013, 4014, 4017, 4018, 4020, 4027, 4029, 4033, 4034, 4035, 4036, 4037, 4038, 4046, 4048, 4051, 4052, 4060, 4062, 4064, 4068, 4070, 4071, 4072, 4075, 4076, 4078, 4087, 4091, 4093, 4096, 4097, 4098, 4099, 4100, 4101, 5001, 5002, 5003, 5004, 5005, 5006, 5009, 5010, 5012, 5013, 5014, 5017, 5018, 5020, 5027, 5029, 5033, 5034, 5035, 5036, 5037, 5038, 5044, 5046, 5048, 5051]"
mkhang,50,['kgohres'],5048,"[5027, 5048]"
malek,50,['david wu'],3100,[3100]
arouseau,50,"['dheevesh', 'wallace_']",6052,"[6097, 6098, 6051, 6052]"
ntubacki,50,['sunc'],2033,[2033]
bbassi17,50,['jesslli'],4037,[4037]
lcarter,50,['aneesh1'],1100,"[1065, 1101, 1076, 1096, 1062, 1063, 1064, 1077, 101, 96, 76, 65, 64, 63, 62, 6077, 6018, 6101, 6017, 6096, 6034, 6006, 6005, 6004, 6003, 5101, 5096, 5077, 5076, 5064, 5062, 5034, 5018, 5017, 5006, 5005, 5004, 5003, 4101, 4096, 4076, 4075, 4064, 4062, 4034, 4018, 4017, 4006, 4005, 4004, 4003, 3101, 3096, 3077, 3076, 3064, 3062, 3034, 3018, 2101, 2096, 2077, 2076, 2065, 2064, 2063, 2062, 2034, 2018, 2006, 2005, 2004, 2003, 1061, 1091, 1093, 1087, 1060, 1068, 1069, 1073, 1072, 1100]"
lennym,50,['josez'],4093,"[5091, 5087, 5035, 5038, 5029, 5027, 5020, 5044, 5046, 5048, 5001, 5060, 5002, 5093, 5037, 4093]"
suzmue,50,['jcoffrin'],5052,"[5087, 5029, 5020, 5091, 5033, 5035, 5038, 5037, 5044, 5093, 5068, 5010, 5048, 5046, 5001, 5078, 5014, 5013, 5009, 5073, 5072, 5060, 5002, 6087, 6020, 5100, 5099, 5012, 5070, 5052]"
anistala,50,['tejassun'],5027,[5027]
niquo,50,['jspira'],3052,"[3060, 3096, 2096, 4096, 5096, 6096, 3093, 72, 76, 87, 91, 93, 96, 97, 98, 99, 100, 101, 1060, 1061, 1062, 1063, 1064, 1065, 1068, 1069, 1072, 1073, 1076, 1077, 1087, 1091, 1093, 1096, 1097, 1098, 1099, 1100, 1101, 2001, 2002, 2003, 2004, 2005, 2006, 2009, 2010, 2012, 2013, 2014, 2018, 2020, 2027, 2029, 2033, 2034, 2035, 2036, 2037, 2038, 2046, 2048, 2051, 2052, 2060, 2061, 2062, 2063, 2064, 2065, 2068, 2069, 2070, 2072, 2073, 2076, 2077, 2078, 2087, 2091, 2093, 2097, 2098, 2099, 2100, 2101, 3009, 3010, 3012, 3013, 3014, 3018, 3020, 3027, 3029, 3033, 3034, 3035, 3036, 3037, 3038, 3044, 3046, 3048, 3051, 3061, 3062, 3064, 3068, 3069, 3070, 3072, 3073, 3076, 3077, 3078, 3087, 3091, 3097, 3098, 3099, 3100, 3101, 4001, 4002, 4003, 4004, 4005, 4006, 4009, 4010, 4012, 4013, 4014, 4017, 4018, 4020, 4027, 4029, 4033, 4034, 4035, 4036, 4037, 4038, 4046, 4048, 4051, 4052, 4060, 4062, 4064, 4068, 4070, 4071, 4072, 4075, 4076, 4078, 4087, 4091, 4093, 4097, 4098, 4099, 4100, 4101, 5001, 5002, 5003, 5004, 5005, 5006, 5009, 5010, 5012, 5013, 5014, 5017, 5018, 5020, 5027, 5029, 5033, 5034, 5035, 5036, 5037, 5038, 5044, 5046, 5048, 5051, 5052, 5060, 5062, 5064, 5068, 5070, 5072, 5073, 5076, 5077, 5078, 5087, 5091, 5093, 5097, 5098, 5099, 5100, 5101, 6001, 6002, 6003, 6004, 6005, 6006, 6009, 6010, 6012, 6013, 6014, 6017, 6018, 6020, 6027, 6029, 6033, 6034, 6035, 6036, 6037, 6038, 6044, 6046, 6048, 6051, 6052, 6073, 6077, 6078, 6087, 6091, 6093, 6097, 6098, 6099, 6100, 6101, 69, 68, 65, 64, 63, 62, 61, 60, 3052]"
pan27,48,[],5046,"[5060, 5068, 5070, 5062, 5072, 5073, 5001, 5002, 5009, 5010, 5013, 5014, 5020, 4060, 4068, 4071, 4072, 4001, 4002, 4009, 4010, 4014, 4020, 6091, 6001, 6073, 60, 65, 68, 69, 72, 76, 87, 91, 93, 63, 96, 61, 62, 64, 97, 98, 99, 100, 101, 1060, 1061, 1062, 1063, 1064, 1065, 1068, 1069, 1072, 1073, 1076, 1077, 1087, 1091, 1093, 1096, 1097, 1098, 1099, 1100, 1101, 2001, 2002, 2003, 2004, 2005, 2006, 2009, 2010, 2012, 2013, 2014, 2018, 2020, 2027, 2029, 2033, 2034, 2035, 2036, 2037, 2038, 2046, 2048, 2051, 5078, 2052, 2060, 2061, 2062, 2063, 2064, 2065, 2068, 2069, 4078, 2070, 2072, 2073, 2076, 2077, 2078, 2087, 2091, 2093, 2096, 2097, 2098, 2099, 2100, 2101, 3009, 3010, 3012, 3013, 3014, 3018, 3020, 3027, 3029, 3033, 3034, 3035, 3036, 3037, 3038, 3044, 3046, 3048, 3051, 3052, 3060, 3061, 3062, 3064, 3068, 3069, 3070, 3072, 3073, 3076, 3077, 3078, 3087, 3091, 3093, 3096, 3097, 3098, 3099, 3100, 3101, 4003, 4004, 4005, 4006, 4012, 4013, 4017, 4018, 4027, 4029, 4033, 4034, 4035, 4036, 4037, 4038, 4046, 4048, 4051, 4052, 4062, 4064, 4070, 4075, 4076, 4087, 4091, 4093, 4096, 4097, 4098, 4099, 4100, 4101, 5003, 5004, 5005, 5006, 5012, 5017, 5018, 5027, 5029, 5033, 5034, 5035, 5036, 5037, 5038, 5052, 5044, 5046]"
jjthomps,47,[],6078,"[6077, 6096, 6101, 6017, 1076, 1077, 1096, 96, 2018, 3018, 2077, 76, 6018, 5077, 6004, 62, 5076, 5017, 63, 4076, 3076, 4075, 3077, 5096, 64, 4018, 5101, 4017, 4034, 5018, 2076, 65, 60, 61, 101, 1062, 1063, 1064, 1065, 2003, 2004, 2005, 2034, 2006, 2062, 2063, 2064, 2065, 2096, 2101, 3034, 3096, 3101, 4003, 4004, 4005, 4006, 4062, 4096, 4101, 5003, 5004, 5005, 5006, 5034, 4064, 6003, 3062, 6005, 6006, 3064, 5062, 5064, 6037, 6078]"
hcg,45,"['zhulcher', 'pou']",6099,"[6097, 6098, 6091, 6093, 6087, 6078, 6073, 6099]"
esyoung,45,[],6097,"[6035, 6037, 6038, 6097]"
dkchoe,43,[],93,[93]
ompeace,43,[],3009,[3009]
weienlee,43,"['weienlee', 'kphil61']",1073,"[91, 93, 68, 69, 87, 1073]"
hlevy,43,['ompeace'],4052,"[4001, 4002, 4060, 4020, 4035, 4029, 4093, 4091, 4087, 4027, 4038, 4037, 4046, 4048, 4078, 3060, 3020, 3035, 3029, 3093, 3091, 3087, 3027, 3038, 3037, 3046, 3048, 3078, 6001, 6002, 6020, 6035, 6029, 6093, 6091, 6087, 6027, 6038, 6037, 6048, 61, 65, 4052]"
lyndat,43,['heeyoon'],99,"[91, 68, 69, 87, 93, 72, 99]"
wendik,41,[],3027,[3027]
elgreen,41,['hcapponi'],2100,[2100]
rumya,41,[],2012,[]
dmundo,40,['ieng@mit.edu'],5036,[]
jabrown,40,[],4070,[4070]
stewarta,40,[],5072,[5072]
carofej,40,"['pperez', 'prisma']",5097,[5097]
emberley,40,[],3072,"[4100, 60, 61, 62, 63, 64, 65, 68, 69, 72, 76, 87, 91, 93, 96, 97, 98, 99, 100, 101, 1060, 1061, 1062, 1063, 1064, 1065, 1068, 1069, 1072, 1073, 1076, 1077, 1087, 1091, 1093, 1096, 1097, 1098, 1099, 1100, 1101, 2001, 2002, 2003, 2004, 2005, 2006, 2009, 2010, 2012, 2013, 2014, 2018, 2020, 2027, 2029, 2033, 2034, 2035, 2036, 2037, 2038, 2046, 2048, 2051, 2052, 2060, 2061, 2062, 2063, 2064, 2065, 2068, 2069, 2070, 2072, 2073, 2076, 2077, 2078, 2087, 2091, 2093, 2096, 2097, 2098, 2099, 2100, 2101, 3009, 3010, 3012, 3013, 3014, 3018, 3020, 3027, 3029, 3033, 3034, 3035, 3036, 3037, 3038, 3044, 3046, 3048, 3051, 3052, 3060, 3061, 3062, 3064, 3068, 3069, 3070, 3072]"
airani,40,['johnfw'],3013,"[4001, 60, 61, 62, 63, 64, 65, 68, 69, 72, 76, 87, 91, 93, 96, 97, 98, 99, 100, 101, 1060, 1061, 1062, 1063, 1064, 1065, 1068, 1069, 1072, 1073, 1076, 1077, 1087, 1091, 1093, 1096, 1097, 1098, 1099, 1100, 1101, 2001, 2002, 2003, 2004, 2005, 2006, 2009, 2010, 2012, 2013, 2014, 2018, 2020, 2027, 2029, 2033, 2034, 2035, 2036, 2037, 2038, 2046, 2048, 2051, 2052, 2060, 2061, 2062, 2063, 2064, 2065, 2068, 2069, 2070, 2072, 2073, 2076, 2077, 2078, 2087, 2091, 2093, 2096, 2097, 2098, 2099, 2100, 2101, 3009, 3010, 3012, 3013]"
nkbuduma,40,['micsun'],97,[97]
ppaul,40,[],-1,"[6096, 60, 61, 62, 63, 64, 65, 68, 69, 72, 76, 87, 91, 93, 96, 97, 98, 99, 100, 101, 1060, 1061, 1062, 1063, 1064, 1065, 1068, 1069, 1072, 1073, 1076, 1077, 1087, 1091, 1093, 1096, 1097, 1098, 1099, 1100, 1101, 2001, 2002, 2003, 2004, 2005, 2006, 2009, 2010, 2012, 2013, 2014, 2018, 2020, 2027, 2029, 2033, 2034, 2035, 2036, 2037, 2038, 2046, 2048, 2051, 2052, 2060, 2061, 2062, 2063, 2064, 2065, 2068, 2069, 2070, 2072, 2073, 2076, 2077, 2078, 2087, 2091, 2093, 2096, 2097, 2098, 2099, 2100, 2101, 3009, 3010, 3012, 3013, 3014, 3018, 3020, 3027, 3029, 3033, 3034, 3035, 3036, 3037, 3038, 3044, 3046, 3048, 3051, 3052, 3060, 3061, 3062, 3064, 3068, 3069, 3070, 3072, 3073, 3076, 3077, 3078, 3087, 3091, 3093, 3096, 3097, 3098, 3099, 3100, 3101, 4001, 4002, 4003, 4004, 4005, 4006, 4009, 4010, 4012, 4013, 4014, 4017, 4018, 4020, 4027, 4029, 4033, 4034, 4035, 4036, 4037, 4038, 4046, 4048, 4051, 4052, 4060, 4062, 4064, 4068, 4070, 4071, 4072, 4075, 4076, 4078, 4087, 4091, 4093, 4096, 4097, 4098, 4099, 4100, 4101, 5001, 5002, 5003, 5004, 5005, 5006, 5009, 5010, 5012, 5013, 5014, 5017, 5018, 5020, 5027, 5029, 5033, 5034, 5035, 5036, 5037, 5038, 5044, 5046, 5048, 5051, 5052, 5060, 5062, 5064, 5068, 5070, 5072, 5073, 5076, 5077, 5078, 5087, 5091, 5093, 5096, 5097, 5098, 5099, 5100, 5101, 6001, 6002, 6003, 6004, 6005, 6006, 6009, 6010, 6012, 6013, 6014, 6017, 6018, 6020, 6027, 6029, 6033, 6034, 6035, 6036, 6037, 6038, 6044, 6046, 6048, 6051, 6052, 6073, 6077, 6078, 6087, 6091, 6093, 6097, 6098, 6099, 6100, 6101]"
jsmcp,40,['kyradoug'],1098,"[1087, 1098]"
jspira,40,['niquo'],3060,[3060]
isatakpa,40,['wjarvis'],98,"[6020, 2052, 2020, 6001, 6044, 2001, 6091, 6035, 2038, 2035, 2061, 6046, 6037, 6093, 2029, 2087, 2093, 2046, 2048, 2002, 91, 6010, 6078, 2091, 2069, 2097, 2072, 60, 61, 62, 63, 64, 65, 68, 69, 72, 76, 87, 93, 96, 97, 99, 100, 101, 1060, 1061, 1062, 1063, 1064, 1065, 1068, 1069, 1072, 1073, 1076, 1077, 1087, 1091, 1093, 1096, 1097, 1098, 1099, 1100, 1101, 2003, 2004, 2005, 2006, 2009, 2010, 2012, 2013, 2014, 2018, 2027, 2033, 2034, 2036, 2037, 2051, 2060, 2062, 2063, 2064, 2065, 2070, 2076, 2077, 2096, 2098, 2099, 2100, 2101, 3009, 3010, 3012, 3013, 3014, 3018, 3020, 3027, 3029, 3033, 3034, 3035, 3036, 3037, 3038, 3044, 3046, 3048, 3051, 3052, 3060, 3061, 3062, 3064, 3068, 3069, 3070, 3072, 3073, 3076, 3077, 3078, 3087, 3091, 3093, 3096, 3097, 3098, 3099, 3100, 3101, 4001, 4002, 4003, 4004, 4005, 4006, 4009, 4010, 2073, 4012, 4013, 4014, 4017, 4018, 4020, 4027, 4029, 4033, 4034, 4035, 4036, 4037, 4038, 4046, 4048, 4051, 4052, 4060, 4062, 4064, 4068, 4070, 4071, 4072, 4075, 4076, 4078, 4087, 4091, 4093, 4096, 4097, 4098, 4099, 4100, 2068, 4101, 5001, 6073, 5002, 5003, 5004, 5005, 5006, 5009, 5010, 5012, 2078, 5013, 5014, 5017, 5018, 5020, 5027, 5029, 5033, 5034, 5035, 5036, 5037, 5038, 5044, 5046, 5048, 5051, 5052, 5060, 5062, 5064, 5068, 5070, 5072, 5073, 5076, 5077, 5078, 5087, 5091, 5093, 5096, 5097, 5098, 5099, 5100, 6009, 5101, 6002, 6003, 6004, 6005, 6006, 6012, 6013, 6014, 6017, 6018, 6027, 6029, 6033, 6034, 6036, 6038, 6048, 6051, 6052, 6077, 6087, 6096, 6097, 6098, 6099, 6100, 6101, 98]"
wjarvis,40,['isatakpa'],2097,"[6020, 2052, 2020, 2001, 6001, 6044, 6091, 6035, 2038, 2035, 2061, 6046, 6037, 6093, 2029, 2087, 2093, 2046, 2048, 2002, 91, 6010, 6078, 2091, 2097]"
josez,40,['lennym'],4093,"[5091, 5087, 5035, 5038, 5029, 5027, 5020, 5044, 5046, 5048, 5001, 5060, 5002, 5093, 5037, 4093]"
zhulcher,40,"['hcg', 'pou']",5100,"[6099, 5100]"
kphil61,40,['weienlee'],1073,"[60, 62, 63, 61, 64, 65, 68, 69, 72, 76, 87, 91, 93, 96, 97, 98, 99, 100, 101, 1060, 1061, 1062, 1063, 1064, 1065, 1068, 1069, 1072, 1073]"
bcai,40,[],4051,"[2078, 2076, 2038, 2037, 2035, 2001, 2002, 2003, 2004, 2005, 2006, 2009, 2010, 2012, 2013, 2014, 2018, 2020, 2027, 2029, 2033, 2034, 2046, 2048, 2060, 2061, 2062, 2063, 2064, 2065, 2068, 2069, 2070, 2072, 2073, 2077, 2087, 2091, 2093, 2099, 2100, 2101, 3009, 3010, 3012, 3013, 3014, 3018, 3020, 3027, 3029, 3033, 3034, 3035, 3037, 3038, 3044, 3046, 3048, 3060, 3061, 3062, 3064, 3068, 3069, 3070, 3072, 3073, 3076, 3077, 3078, 3087, 3091, 3093, 3096, 3099, 3100, 3101, 4001, 4002, 4003, 4004, 4005, 4006, 4009, 4010, 4012, 4013, 4014, 4017, 4018, 4020, 4027, 4029, 4033, 4034, 4035, 4037, 4038, 4046, 4048, 4060, 4062, 4064, 4068, 4070, 4071, 4072, 4075, 4076, 4078, 4087, 4091, 4093, 4096, 4099, 4100, 4101, 5001, 5002, 5003, 5004, 5005, 5006, 5009, 5010, 5012, 5013, 5014, 5017, 5018, 5020, 5027, 5029, 5033, 5034, 5035, 5037, 5038, 5044, 5046, 5048, 5060, 5062, 5064, 5068, 5070, 5072, 5073, 5076, 5077, 5078, 5087, 5091, 5093, 5096, 5099, 5100, 5101, 6001, 6002, 6003, 6004, 6005, 6006, 6009, 6010, 6012, 6013, 6014, 6017, 6018, 6020, 6027, 6029, 6033, 6034, 6035, 6037, 6038, 6044, 6046, 6098, 6048, 6073, 6077, 6078, 6087, 6091, 6093, 6096, 6099, 6100, 6101, 4051]"
wallace_,40,"['dheevesh', 'arouseau']",6051,"[6097, 6098, 6051]"
davidwu,40,['malek'],3100,[3100]
jnbautis,40,['louistao'],3036,"[3068, 2068, 4068, 3069, 2069, 3072, 3060, 3036]"
louistao,40,['jnbautis'],3036,"[3068, 2068, 4068, 3069, 2069, 3072, 3060, 3036]"
arlette,40,['pmstuder'],87,"[6035, 6091, 6093, 6087, 6029, 6038, 6037, 6027, 6010, 6001, 6078, 6073, 6009, 6013, 6014, 6012, 87]"
daphnes,40,['cristiec'],4033,[4033]
alexrg,40,['alex93'],5078,[5078]
cristiec,40,['daphnes'],4033,[4033]
dheevesh,40,"['wallace_', 'arouseau']",6052,"[6097, 6098, 6051, 6052]"
mhkane,40,['azizkag'],4051,"[5001, 5002, 5020, 5010, 5014, 5027, 5029, 5033, 4051]"
hwang123,40,"['pou', 'maurizio']",4009,[4009]
czyang,40,['mkmcgee'],3051,"[2001, 2060, 2002, 2061, 2004, 2006, 2062, 2003, 2064, 2063, 2076, 2005, 2018, 2065, 3051]"
mkmcgee,40,['czyang'],3051,"[2060, 2002, 2001, 2061, 2004, 2006, 2062, 2003, 2064, 2063, 2076, 2005, 2018, 2065, 3051]"
fxchen12,40,[],-1,"[3018, 3034, 3062, 3064, 3076, 3077, 3096, 3101, 2003, 2004, 2005, 2006, 2018, 2034, 2062, 2063, 2064, 2065, 2076, 2077, 2096, 2101, 5003, 5004, 5005, 5006, 5017, 5018, 5034, 5062, 5064, 5076, 5077, 5096, 5101, 4003, 4004, 4005, 4006, 4017, 4018, 4034, 4062, 4064, 4075, 4076, 4096, 4101, 6003, 6004, 6005, 6006, 6017, 6018, 6034, 6077, 6096, 6101, 1062, 1063, 1064, 1065, 1076, 1077, 1096, 1101, 62, 63, 64, 65, 76, 96, 101, 3009, 3010, 3012, 3013, 3014, 3020, 3027, 3029, 3033, 3035, 3037, 3038, 3044, 3046, 3048, 3060, 3061, 3068, 3069, 3070, 3072, 3073, 3078, 3087, 3091, 3093, 3099, 3100, 2001, 2002, 2009, 2010, 2012, 2013, 2014, 2020, 2027, 2029, 2033, 2035, 2037, 2038, 2046, 2048, 2052, 2060, 2061, 2068, 2069, 2070, 2072, 2073, 2078, 2087, 2091, 2093, 2099, 2100, 5001, 5002, 5009, 5010, 5012, 5013, 5014, 5020, 5027, 5029, 5033, 5035, 5037, 5038, 5044, 5046, 5048, 5060, 5068, 5070, 5072, 5073, 5078, 5087, 5091, 5093, 5099, 5100, 4001, 4002, 4009, 4010, 4012, 4013, 4014, 4020, 4027, 4029, 4033, 4035, 4037, 4038, 4046, 4048, 4060, 4068, 4070, 4071, 4072, 4078, 4087, 4091, 4093, 4099, 4100, 6001, 6002, 6009, 6010, 6012, 6013, 6014, 6020, 6027, 6029, 6033, 6035, 6037, 6038, 6044, 6046, 6048, 6073, 6078, 6087, 6091, 6093, 6099, 6100, 1060, 1061, 1068, 1069, 1072, 1073, 1087, 1091, 1093, 1099, 1100, 60, 61, 68, 69, 72, 87, 91, 93, 99, 100, 3036, 3097, 3098, 2036, 2097, 2098, 5097, 5098, 4097, 4098, 6097, 6098, 1097, 1098, 97, 98, 3051, 3052, 2051, 5036, 5051, 5052, 4036, 4051, 4052, 6036, 6051, 6052]"
pou,40,"['hcg', 'zhulcher']",3010,"[6099, 3010]"
suarez,40,"['suarez', 'hege']",2091,[2091]
amini,40,['nkwate'],5051,"[6001, 5001, 5060, 4001, 3061, 2001, 2061, 5002, 1061, 3060, 2060, 1060, 4060, 4002, 6002, 2002, 5020, 6020, 4020, 3020, 2020, 2052, 6010, 5010, 6044, 5044, 4010, 2010, 6091, 6035, 5035, 6009, 6014, 5009, 5014, 5038, 3044, 5013, 6038, 5091, 3091, 6029, 5037, 4091, 2038, 2091, 1091, 5029, 91, 6037, 5051]"
pperez,40,"['prisma', 'carofej']",5097,[5097]
prisma,40,"['pperez', 'carofej']",5097,[5097]
andreasg,40,['limab'],5091,"[5035, 5001, 5020, 60, 61, 62, 63, 64, 65, 68, 69, 72, 76, 87, 91, 93, 96, 97, 98, 99, 100, 101, 1060, 1061, 1062, 1063, 1064, 1065, 1068, 1069, 1072, 1073, 1076, 1077, 1087, 1091, 1093, 1096, 1097, 1098, 1099, 1100, 1101, 2001, 2002, 2003, 2004, 2005, 2006, 2009, 2010, 2012, 2013, 2014, 2018, 2020, 2027, 2029, 2033, 2034, 2035, 2036, 2037, 2038, 2046, 2048, 2051, 2052, 2060, 2061, 2062, 2063, 2064, 2065, 2068, 2069, 2070, 2072, 2073, 2076, 2077, 2078, 2087, 2091, 2093, 2096, 2097, 2098, 2099, 2100, 2101, 3009, 3010, 3012, 3013, 3014, 3018, 3020, 3027, 3029, 3033, 3034, 3035, 3036, 3037, 3038, 3044, 3046, 3048, 3051, 3052, 3060, 3061, 3062, 3064, 3068, 3069, 3070, 3072, 3073, 3076, 3077, 3078, 3087, 3091, 3093, 3096, 3097, 3098, 3099, 3100, 3101, 4001, 4002, 4003, 4004, 4005, 4006, 4009, 4010, 4012, 4013, 4014, 4017, 4018, 4020, 4027, 4029, 4033, 4034, 4035, 4036, 4037, 4038, 4046, 4048, 4051, 4052, 4060, 4062, 4064, 4068, 4070, 4071, 4072, 4075, 4076, 4078, 4087, 4091, 4093, 4096, 4097, 4098, 4099, 4100, 4101, 5002, 5003, 5004, 5005, 5006, 5009, 5010, 5012, 5013, 5014, 5017, 5018, 5027, 5029, 5033, 5034, 5036, 5037, 5038, 5044, 5046, 5048, 5051, 5052, 5060, 5062, 5064, 5068, 5070, 5072, 5073, 5076, 5077, 5078, 5087, 5091]"
nkwate,40,['amini'],5051,"[6001, 5001, 5060, 4001, 3061, 2001, 2061, 5002, 1061, 3060, 2060, 1060, 4060, 4002, 6002, 2002, 5020, 6020, 4020, 3020, 2020, 2052, 6010, 5068, 5010, 93, 6044, 5044, 4010, 2010, 6091, 6035, 5035, 6009, 6014, 5009, 5014, 5038, 3044, 5013, 6038, 5091, 3091, 6029, 5037, 4091, 2038, 2091, 1091, 91, 5051]"
anujk,40,"['krusen', 'dahlseng']",3072,"[1097, 3072]"
lexi2016,40,[],2027,"[6077, 6078, 6101, 6096, 6034, 6018, 6017, 6002, 6004, 6005, 6006, 5096, 5101, 5077, 5076, 5064, 5062, 5018, 5017, 5006, 5005, 5004, 5003, 5034, 4101, 6100, 6099, 6093, 6091, 6087, 6073, 6048, 6044, 6046, 6037, 6035, 6033, 6003, 6027, 6020, 6014, 6010, 6009, 6001, 6012, 6029, 2027]"
wgrey,40,[],3052,"[1101, 3077, 3076, 3018, 2077, 5077, 2076, 4076, 5076, 3052]"
cjford,40,['dflarson'],4027,[4027]
talee,40,['ashade'],1098,"[1091, 1093, 1061, 1073, 1072, 1068, 1069, 1060, 1099, 1100, 1087, 60, 61, 62, 63, 64, 65, 68, 69, 72, 76, 87, 91, 93, 96, 97, 98, 99, 100, 101, 1062, 1063, 1064, 1065, 1076, 1077, 1096, 1097, 1098]"
ashade,40,['talee'],1098,"[1091, 1093, 1061, 1073, 1072, 1068, 1069, 1060, 1099, 1100, 1087, 60, 61, 62, 63, 64, 65, 68, 69, 72, 76, 87, 91, 93, 96, 97, 98, 99, 100, 101, 1062, 1063, 1064, 1065, 1076, 1077, 1096, 1097, 1098]"
sunc,40,['ntubacki'],2033,[2033]
mpjohns,40,[],6036,[6036]
mayaram,40,['gomalley'],5014,[5014]
wgwong,40,[],6098,"[4076, 4075, 4017, 4018, 4096, 4034, 4101, 4004, 4003, 4064, 4062, 4006, 4005, 4020, 4046, 4091, 4038, 4035, 4029, 4093, 4087, 4037, 4048, 4027, 4060, 4068, 3020, 3044, 3091, 3061, 3038, 3035, 3029, 3037, 3027, 3046, 3048, 3060, 3093, 3087, 3068, 3078, 3069, 3014, 3013, 3010, 3033, 3009, 3099, 3100, 3012, 3070, 6098]"
aabdalla,40,['alsaeed'],3068,"[5001, 5002, 5020, 5010, 5014, 5027, 5029, 5033, 3068]"
bensonb,40,['bassey james'],4046,"[4097, 4098, 3097, 3036, 3098, 4046]"
krusen,40,"['anujk', 'dahlseng']",1097,[1097]
chewc,40,['mtai168'],3099,"[4035, 4038, 4033, 4037, 4002, 4001, 4029, 4027, 4020, 4060, 4078, 4013, 4010, 4009, 4012, 4046, 4048, 4068, 4071, 4072, 4070, 4091, 4087, 4093, 4100, 4099, 3035, 3038, 3033, 3037, 3029, 3027, 3020, 3061, 3060, 3078, 3013, 3014, 3010, 3009, 3012, 3044, 3046, 3048, 3068, 3072, 3070, 3069, 3073, 3091, 3087, 3093, 3100, 4014, 3099]"
anadeem,40,"['bdurva', 'anadeem']",4072,"[5014, 5010, 5009, 4014, 4012, 4010, 4009, 4002, 4020, 4072]"
jesslli,40,['bbassi17'],4037,[4037]
asalloum,40,['alican'],5036,"[5020, 5001, 5044, 5035, 5038, 5091, 5060, 5002, 5037, 5029, 5087, 5093, 5048, 5027, 5046, 5068, 5010, 5078, 5073, 60, 5009, 5014, 5013, 5072, 5033, 5100, 5099, 5012, 5036]"
viettran,40,[],-1,"[6101, 6096, 6034, 6006, 6005, 6004, 6003, 5101, 5096, 5034, 5018, 5006, 5005, 5004, 5003, 4101, 4096, 4064, 4062, 4018, 4006, 4005, 4004, 4003, 3101, 3096, 3064, 3062, 3034, 3018, 2101, 2096, 2065, 62, 63, 64, 60, 65, 76, 96, 101, 1062, 1063, 1064, 1065, 1096, 2003, 2004, 2005, 2006, 2034, 2062, 2063, 2064, 2018, 1101, 61, 68, 69, 72, 87, 91, 93, 97, 98, 99, 100, 1060, 1061, 1068, 1069, 1072, 1073, 1076, 1077, 1087, 1091, 1093, 1097, 1098, 1099, 1100, 2001, 2002, 2009, 2010, 2012, 2013, 2014, 2020, 2027, 2029, 2033, 2035, 2036, 2037, 2038, 2046, 2048, 2051, 2052, 2060, 2061, 2068, 2069, 2070, 2072, 2073, 2076, 2077, 2078, 2087, 2091, 2093, 2097, 2098, 2099, 2100, 3009, 3010, 3012, 3013, 3014, 3020, 3027, 3029, 3033, 3035, 3036, 3037, 3038, 3044, 3046, 3048, 3051, 3052, 3060, 3061, 3068, 3069, 3070, 3072, 3073, 3076, 3077, 3078, 3087, 3091, 3093, 3097, 3098, 3099, 3100, 4001, 4002, 4009, 4010, 4012, 4013, 4014, 4017, 4020, 4027, 4029, 4033, 4034, 4035, 4036, 4037, 4038, 4046, 4048, 4051, 4052, 4060, 4068, 4070, 4071, 4072, 4075, 4076, 4078, 4087, 4091, 4093, 4097, 4098, 4099, 4100, 5001, 5002, 5009, 5010, 5012, 5013, 5014, 5017, 5020, 5027, 5029, 5033, 5035, 5036, 5037, 5038, 5044, 5046, 5048, 5051, 5052, 5060, 5062, 5064, 5068, 5070, 5072, 5073, 5076, 5077, 5078, 5087, 5091, 5093, 5097, 5098, 5099, 5100, 6001, 6002, 6009, 6010, 6012, 6013, 6014, 6017, 6018, 6020, 6027, 6029, 6033, 6035, 6036, 6037, 6038, 6044, 6046, 6048, 6051, 6052, 6073, 6077, 6078, 6087, 6091, 6093, 6097, 6098, 6099, 6100]"
rujiazha,40,[],5073,[5073]
dahlseng,40,"['krusen', 'anujk']",4070,"[1097, 4070]"
sebsan,40,['smundo'],4036,"[5093, 5036, 5101, 5096, 5100, 5098, 5099, 5097, 5091, 5087, 5078, 5077, 4096, 5076, 5073, 5072, 5070, 5068, 5064, 5062, 5060, 5048, 5046, 5044, 5038, 5037, 5035, 5034, 5033, 5029, 5027, 5020, 5018, 5017, 5014, 5013, 5012, 5010, 5009, 5006, 5005, 5004, 5003, 5002, 5001, 61, 62, 63, 64, 65, 68, 69, 72, 76, 87, 91, 93, 96, 97, 98, 99, 100, 101, 1060, 1061, 1062, 1063, 1064, 1065, 1068, 1069, 1072, 1073, 1076, 1077, 1087, 1091, 1093, 1096, 1097, 1098, 1099, 1100, 1101, 2001, 2002, 2003, 2004, 2005, 2006, 2009, 2010, 2012, 2013, 2014, 2018, 2020, 2027, 2029, 2033, 2034, 2035, 2036, 2037, 2038, 2046, 2048, 2051, 2052, 2060, 2061, 2062, 2063, 2064, 2065, 2068, 2069, 2070, 2072, 2073, 2076, 2077, 2078, 2087, 2091, 2093, 2096, 2097, 2098, 2099, 2100, 2101, 3009, 3010, 3012, 3013, 3014, 3018, 3020, 3027, 3029, 3033, 3034, 3035, 3036, 3037, 3038, 3044, 3046, 3048, 3051, 3052, 3060, 3061, 3062, 3064, 3068, 3069, 3070, 3072, 3073, 3076, 3077, 3078, 3087, 3091, 3093, 3096, 3097, 3098, 3099, 3100, 3101, 4001, 4002, 4003, 4004, 4005, 4006, 4009, 4010, 4012, 4013, 4014, 4017, 4018, 4020, 4027, 4029, 4033, 4034, 4035, 4037, 4038, 4046, 4048, 4051, 4052, 4060, 4062, 4064, 4068, 4070, 4071, 4072, 4075, 4076, 4078, 4087, 4091, 4093, 4097, 4098, 4099, 4100, 4101, 6001, 6002, 6003, 6004, 6005, 6006, 6009, 6010, 6012, 6013, 6014, 6017, 6018, 6020, 6027, 6029, 6033, 6034, 6035, 6036, 6037, 6038, 6044, 6046, 6048, 6051, 6052, 6073, 6077, 6078, 6087, 6091, 6093, 6096, 6097, 6098, 6099, 6100, 6101, 4036]"
a_yu,40,['lopezm'],60,"[3037, 3038, 4037, 4038, 5037, 5038, 6037, 6038, 3020, 5020, 4020, 6020, 6033, 4033, 5033, 3033, 3027, 6027, 4027, 5027, 5001, 4001, 6001, 2001, 61, 1061, 2061, 3061, 2087, 87, 3087, 4087, 5087, 6087, 4060, 5060, 3060, 1060, 60]"
cmozarmi,40,['yasyf'],2098,"[2100, 2087, 2078, 2073, 2072, 2070, 2068, 2069, 2093, 2091, 2002, 2009, 2010, 2012, 2013, 2014, 2020, 2027, 2029, 2033, 2035, 2037, 2038, 2046, 2048, 2052, 2060, 2061, 2001, 2099, 1063, 1064, 1065, 1068, 1069, 1072, 1073, 1076, 1077, 1087, 1091, 1093, 1096, 1097, 1098, 1099, 1100, 1062, 1101, 2003, 2004, 2005, 2006, 2018, 2034, 2036, 60, 2051, 2062, 2063, 2064, 2065, 2076, 2077, 2096, 2097, 2098]"
duyha,40,['pranam'],2035,"[2061, 2035]"
erinhong,40,['hehuynh'],4014,[4014]
jbader,40,[],1100,"[6005, 6006, 6003, 6004, 6101, 63, 65, 64, 62, 96, 101, 6034, 6096, 6018, 6017, 76, 5006, 5005, 5004, 5003, 5062, 5064, 5101, 4006, 5096, 4005, 4004, 4003, 5034, 3064, 3062, 4064, 4062, 4034, 4101, 4096, 2003, 2004, 2005, 2006, 2065, 2064, 2063, 2062, 3096, 3101, 3034, 3018, 4076, 4075, 5017, 4018, 5018, 5077, 4017, 5076, 6077, 3077, 3076, 2034, 2018, 2101, 2096, 2077, 2076, 1101, 1096, 1077, 1076, 1065, 1064, 1063, 1062, 1100]"
adchoe,40,['helenmr'],6097,"[6001, 6087, 6091, 6037, 6033, 6097]"
helenmr,40,['adchoe'],6100,"[6001, 6087, 6091, 6037, 6033, 6097, 6100]"
namer,40,['uayyaz'],3014,"[3020, 3044, 3035, 3029, 3037, 3038, 3027, 3014]"
icabrera,40,[],2014,"[2018, 2096, 2014]"
kiranw,40,[],2012,[]
sstrang,40,[],3052,[]
steele94,40,[],3051,[]
tbutala,40,[],6099,[]
alice_wu,40,[],4100,[]
cvduffy,40,[],6051,[]
txwu,31,['emule'],3035,[3035]
elaukai,20,['navarrom'],3069,"[6048, 3069]"
syqnew,20,['jtilton'],4091,[4091]
suniyya,20,"['erjonat', 'suniyya']",4013,[4013]
mprescod,20,[],3069,"[62, 63, 64, 65, 76, 96, 101, 1062, 1063, 1064, 1065, 1076, 1077, 1096, 1101, 2003, 2004, 2005, 2006, 2018, 2034, 2062, 2063, 2064, 2065, 2076, 2077, 2096, 2101, 3018, 3034, 3062, 3064, 3076, 3077, 3096, 3101, 4003, 4004, 4005, 4006, 4017, 4018, 4034, 4062, 4064, 4075, 4076, 4096, 4101, 5003, 5004, 5005, 5006, 5017, 5018, 5034, 5062, 5064, 5076, 5077, 5096, 5101, 6003, 6004, 6005, 6006, 6017, 6018, 6034, 6077, 6096, 6101, 3069]"
harrilal,0,[],3097,"[1101, 2101, 3101, 4101, 5101, 6101, 60, 61, 62, 63, 64, 65, 68, 69, 72, 76, 87, 91, 93, 96, 97, 98, 99, 100, 101, 1060, 1061, 1062, 1063, 1064, 1065, 1068, 1069, 1072, 1073, 1076, 1077, 1087, 1091, 1093, 1096, 1097, 1098, 1099, 1100, 2001, 2002, 2003, 2004, 2005, 2006, 2009, 2010, 2012, 2013, 2014, 2018, 2020, 2027, 2029, 2033, 2034, 2035, 2036, 2037, 2038, 2046, 2048, 2051, 2052, 2060, 2061, 2062, 2063, 2064, 2065, 2068, 2069, 2070, 2072, 2073, 2076, 2077, 2078, 2087, 2091, 2093, 2096, 2097, 2098, 2099, 2100, 3009, 3010, 3012, 3013, 3014, 3018, 3020, 3027, 3029, 3033, 3034, 3035, 3036, 3037, 3038, 3044, 3046, 3048, 3051, 3052, 3060, 3061, 3062, 3064, 3068, 3069, 3070, 3072, 3073, 3076, 3077, 3078, 3087, 3091, 3093, 3096, 3097]"
erjonat,0,['suniyya'],4013,[4013]
edwardsc,0,['vye16'],-1,"[6100, 6037, 6038, 6027, 6018, 6006, 6013, 6099, 6046, 6014, 6005, 6017, 6004, 6012, 6048, 6010, 6029, 6009, 6033, 6101, 6077, 2001, 2002, 2003, 2004, 2005, 2006, 2009, 2010, 2012, 2013, 2014, 2018, 2020, 2027, 2029, 2033, 2034, 2035, 2036, 2037, 2038, 2046, 2048, 2051, 2052, 2060, 2061, 2062, 2063, 2064, 2065, 2068, 2069, 2070, 2072, 2073, 2076, 2077, 2078, 1096, 2087, 2091, 2093, 2096, 2097, 1098, 2098, 2099, 2100, 2101, 1062, 3009, 3010, 3012, 3013, 3014, 3018, 3020, 3027, 3029, 3033, 3034, 3035, 3036, 3037, 3038, 3044, 3046, 3048, 3051, 3052, 1069, 3060, 3061, 3062, 3064, 3068, 3069, 3070, 1097, 3072, 3073, 3076, 1073, 1064, 1099, 3077, 3078, 3087, 3091, 3093, 3096, 3097, 1076, 3098, 1091, 3099, 1072, 3100, 3101, 1087, 4001, 4002, 4003, 4004, 4005, 4006, 1061, 1101, 4009, 1077, 4010, 4012, 4013, 4014, 1063, 4017, 4018, 4020, 1060, 4027, 4029, 1093, 4033, 4034, 4035, 4036, 4037, 4038, 4046, 4048, 4051, 4052, 4060, 4062, 4064, 4068, 4070, 4071, 4072, 4075, 4076, 1065, 4078, 4087, 4091, 4093, 4096, 4097, 4098, 4099, 4100, 4101, 5001, 5002, 5003, 5004, 5005, 5006, 5009, 5010, 5012, 5013, 5014, 5017, 1100, 5018, 5020, 5027, 5029, 5033, 5034, 5035, 5036, 5037, 5038, 5044, 5046, 5048, 5051, 5052, 5060, 5062, 5064, 5068, 5070, 5072, 5073, 5076, 1068, 5077, 5078, 5087, 5091, 5093, 5096, 5097, 5098, 5099, 5100, 5101, 6001, 6002, 6003, 6020, 6034, 6035, 6036, 6044, 6051, 68, 6052, 6073, 6078, 6087, 6091, 6093, 6096, 6097, 69, 91, 6098, 76, 60, 61, 97, 64, 101, 63, 98, 96, 99, 62, 72, 93, 100, 87, 65]"
micsun,0,['nkbuduma'],-1,"[97, 60, 61, 62, 63, 64, 65, 68, 69, 72, 76, 87, 91, 93, 96, 98, 99, 100, 101, 1060, 1061, 1062, 1063, 1064, 1065, 1068, 1069, 1072, 1073, 1076, 1077, 1087, 1091, 1093, 1096, 1097, 1098, 1099, 1100, 1101, 2001, 2002, 2003, 2004, 2005, 2006, 2009, 2010, 2012, 2013, 2014, 2018, 2020, 2027, 2029, 2033, 2034, 2035, 2036, 2037, 2038, 2046, 2048, 2051, 2052, 2060, 2061, 2062, 2063, 2064, 2065, 2068, 2069, 2070, 2072, 2073, 2076, 2077, 2078, 2087, 2091, 2093, 2096, 2097, 2098, 2099, 2100, 2101, 3009, 3010, 3012, 3013, 3014, 3018, 3020, 3027, 3029, 3033, 3034, 3035, 3036, 3037, 3038, 3044, 3046, 3048, 3051, 3052, 3060, 3061, 3062, 3064, 3068, 3069, 3070, 3072, 3073, 3076, 3077, 3078, 3087, 3091, 3093, 3096, 3097, 3098, 3099, 3100, 3101, 4001, 4002, 4003, 4004, 4005, 4006, 4009, 4010, 4012, 4013, 4014, 4017, 4018, 4020, 4027, 4029, 4033, 4034, 4035, 4036, 4037, 4038, 4046, 4048, 4051, 4052, 4060, 4062, 4064, 4068, 4070, 4071, 4072, 4075, 4076, 4078, 4087, 4091, 4093, 4096, 4097, 4098, 4099, 4100, 4101, 5001, 5002, 5003, 5004, 5005, 5006, 5009, 5010, 5012, 5013, 5014, 5017, 5018, 5020, 5027, 5029, 5033, 5034, 5035, 5036, 5037, 5038, 5044, 5046, 5048, 5051, 5052, 5060, 5062, 5064, 5068, 5070, 5072, 5073, 5076, 5077, 5078, 5087, 5091, 5093, 5096, 5097, 5098, 5099, 5100, 5101, 6001, 6002, 6003, 6004, 6005, 6006, 6009, 6010, 6012, 6013, 6014, 6017, 6018, 6020, 6027, 6029, 6033, 6034, 6035, 6036, 6037, 6038, 6044, 6046, 6048, 6051, 6052, 6073, 6077, 6078, 6087, 6091, 6093, 6096, 6097, 6098, 6099, 6100, 6101]"
vye16,0,[],-1,"[6100, 6091, 6093, 6033, 6029, 6010, 6027, 2001, 2002, 2003, 2004, 2005, 2006, 2009, 2010, 2012, 2013, 2014, 2018, 2020, 2027, 2029, 2033, 2034, 2035, 2036, 2037, 2038, 2046, 2048, 2051, 2052, 2060, 2061, 2062, 2063, 2064, 2065, 2068, 2069, 2070, 2072, 2073, 2076, 2077, 2078, 2087, 2091, 2093, 2096, 2097, 2098, 2099, 2100, 2101, 3009, 3010, 3012, 3013, 3014, 3018, 3020, 3027, 3029, 3033, 3034, 3035, 3036, 3037, 3038, 3044, 3046, 3048, 3051, 3052, 3060, 3061, 3062, 3064, 3068, 3069, 3070, 3072, 3073, 3076, 3077, 3078, 3087, 3091, 3093, 3096, 3097, 3098, 3099, 3100, 3101, 4001, 4002, 4003, 4004, 4005, 4006, 4009, 1087, 4010, 4012, 4013, 4014, 4017, 4018, 4020, 4027, 4029, 1069, 4033, 4034, 4035, 4036, 4037, 4038, 1073, 4046, 4048, 4051, 4052, 4060, 4062, 4064, 4068, 4070, 4071, 4072, 4075, 4076, 4078, 4087, 4091, 4093, 4096, 4097, 4098, 4099, 4100, 4101, 5001, 5002, 5003, 5004, 5005, 5006, 5009, 5010, 5012, 1076, 5013, 5014, 5017, 5018, 5020, 5027, 5029, 1077, 5033, 1072, 1064, 5034, 5035, 5036, 5037, 5038, 1068, 5044, 5046, 5048, 1065, 5051, 5052, 5060, 5062, 5064, 1096, 5068, 5070, 5072, 5073, 5076, 5077, 5078, 5087, 5091, 5093, 5096, 5097, 5098, 5099, 5100, 5101, 6001, 6002, 6003, 6004, 6005, 6006, 6009, 6012, 6013, 1093, 6014, 1099, 6017, 6018, 6020, 6034, 6035, 6036, 6037, 6038, 1062, 1100, 6044, 6046, 1101, 6048, 6051, 6052, 6073, 6077, 6078, 6087, 6096, 6097, 6098, 6099, 6101, 65, 1063, 68, 91, 69, 93, 98, 87, 96, 1060, 1098, 72, 1061, 97, 100, 76, 99, 60, 61, 1097, 1091, 101, 62, 63, 64]"
anic,0,['elv'],-1,"[6001, 6002, 6035, 6091, 6010, 6009, 6014, 6013, 6093, 6087, 6078, 6073, 6033, 61, 60, 62, 63, 64, 65, 68, 69, 72, 76, 87, 91, 93, 96, 97, 98, 99, 100, 101, 1060, 1061, 1062, 1063, 1064, 1065, 1068, 1069, 1072, 1073, 1076, 1077, 1087, 1091, 1093, 1096, 1097, 1098, 1099, 1100, 1101, 2001, 2002, 2003, 2004, 2005, 2006, 2009, 2010, 2012, 2013, 2014, 2018, 2020, 2027, 2029, 2033, 2034, 2035, 2036, 2037, 2038, 2046, 2048, 2051, 2052, 2060, 2061, 2062, 2063, 2064, 2065, 2068, 2069, 2070, 2072, 2073, 2076, 2077, 2078, 2087, 2091, 2093, 2096, 2097, 2098, 2099, 2100, 2101, 3009, 3010, 3012, 3013, 3014, 3018, 3020, 3027, 3029, 3033, 3034, 3035, 3036, 3037, 3038, 3044, 3046, 3048, 3051, 3052, 3060, 3061, 3062, 3064, 3068, 3069, 3070, 3072, 3073, 3076, 3077, 3078, 3087, 3091, 3093, 3096, 3097, 3098, 3099, 3100, 3101, 4001, 4002, 4003, 4004, 4005, 4006, 4009, 4010, 4012, 4013, 4014, 4017, 4018, 4020, 4027, 4029, 4033, 4034, 4035, 4036, 4037, 4038, 4046, 4048, 4051, 4052, 4060, 4062, 4064, 4068, 4070, 4071, 4072, 4075, 4076, 4078, 4087, 4091, 4093, 4096, 4097, 4098, 4099, 4100, 4101, 5001, 5002, 5003, 5004, 5005, 5006, 5009, 5010, 5012, 5013, 5014, 5017, 5018, 5020, 5027, 5029, 5033, 5034, 5035, 5036, 5037, 5038, 5044, 5046, 5048, 5051, 5052, 5060, 5062, 5064, 5068, 5070, 5072, 5073, 5076, 5077, 5078, 5087, 5091, 5093, 5096, 5097, 5098, 5099, 5100, 5101, 6003, 6004, 6005, 6006, 6012, 6017, 6018, 6020, 6027, 6029, 6034, 6036, 6037, 6038, 6044, 6046, 6048, 6051, 6052, 6077, 6096, 6097, 6098, 6099, 6100, 6101]"
zvinaatz,0,[],6002,[6002]
castanom,0,[],-1,"[2001, 2002, 2003, 2004, 2005, 2006, 2009, 2010, 2012, 2013, 2014, 2018, 2020, 2027, 2029, 2033, 2034, 2035, 2036, 2037, 2038, 2046, 2048, 2051, 2052, 2060, 2061, 2062, 2063, 2064, 2065, 2068, 2069, 2070, 2072, 2073, 2076, 2077, 2078, 2087, 2091, 2093, 2096, 2097, 2098, 2099, 2100, 2101, 3009, 3010, 3012, 3013, 3014, 3018, 3020, 3027, 3029, 3033, 3034, 3035, 3036, 3037, 3038, 3044, 3046, 3048, 3051, 3052, 3060, 3061, 3062, 3064, 3068, 3069, 3070, 3072, 3073, 3076, 3077, 3078, 3087, 3091, 3093, 3096, 3097, 3098, 3099, 3100, 3101, 4001, 4002, 4003, 4004, 4005, 4006, 4009, 4010, 4012, 4013, 4014, 4017, 4018, 4020, 4027, 4029, 4033, 4034, 4035, 4036, 4037, 4038, 4046, 4048, 4051, 4052, 4060, 4062, 4064, 4068, 4070, 4071, 4072, 4075, 4076, 4078, 4087, 4091, 4093, 4096, 4097, 4098, 4099, 4100, 4101, 5001, 5002, 5003, 5004, 5005, 5006, 5009, 5010, 5012, 5013, 5014, 5017, 5018, 5020, 5027, 5029, 5033, 5034, 5035, 5036, 5037, 5038, 5044, 5046, 5048, 5051, 5052, 5060, 5062, 5064, 5068, 5070, 5072, 5073, 5076, 5077, 5078, 5087, 5091, 5093, 5096, 5097, 5098, 5099, 5100, 5101, 6001, 6002, 6003, 6004, 6005, 6006, 6009, 6010, 6012, 6013, 6014, 6017, 6018, 6020, 6027, 6029, 6033, 1060, 6034, 1061, 6035, 1062, 6036, 1063, 6037, 1064, 6038, 1065, 6044, 1068, 6046, 1069, 6048, 1072, 1073, 6051, 1076, 6052, 1077, 6073, 6077, 1087, 6078, 1091, 6087, 1093, 6091, 1096, 6093, 1097, 6096, 1098, 1100, 6097, 1101, 1099, 6098, 6099, 6100, 76, 101, 100, 99, 98, 97, 96, 93, 91, 6101, 87, 72, 69, 68, 65, 64, 63, 62, 61, 60]"
hrsugito,0,[],-1,"[62, 63, 64, 65, 96, 101, 1062, 1063, 1064, 1065, 1076, 1077, 1096, 1101, 2003, 2004, 2005, 2006, 2018, 2034, 2062, 2063, 2064, 2065, 2076, 2077, 2096, 2101, 3018, 3034, 3062, 3064, 3076, 3077, 3096, 3101, 4003, 4004, 4005, 4006, 4017, 4018, 4034, 4062, 4064, 4075, 4076, 4096, 4101, 5003, 5004, 5005, 5006, 5017, 5018, 5034, 5062, 5064, 5076, 5077, 5096, 5101, 6003, 6004, 6005, 6006, 6017, 6018, 6077, 6096, 6101, 6034, 76, 60, 61, 68, 69, 72, 87, 91, 93, 99, 100, 1060, 1061, 1068, 1069, 1072, 1073, 1087, 1091, 1093, 1099, 1100, 2001, 2002, 2009, 2010, 2012, 2013, 2014, 2027, 2029, 2033, 2035, 2037, 2038, 2046, 2048, 2060, 2061, 2068, 2069, 2070, 2072, 2073, 2078, 2087, 2091, 2093, 2099, 2100, 3009, 3010, 3012, 3013, 3014, 3027, 3029, 3033, 3035, 3037, 3038, 3044, 3046, 3048, 3060, 3061, 3068, 3069, 3070, 3072, 3073, 3078, 3087, 3091, 3093, 3099, 3100, 4001, 4002, 4009, 4010, 4012, 4013, 4014, 4027, 4029, 4033, 4035, 4037, 4038, 4046, 4048, 4060, 4068, 4070, 4071, 4072, 4078, 4087, 4091, 4093, 4099, 4100, 5001, 5002, 5009, 5010, 5012, 5013, 5014, 5027, 5029, 5033, 5035, 5037, 5038, 5044, 5046, 5048, 5060, 5068, 5070, 5072, 5073, 5078, 5087, 5091, 5093, 5099, 5100, 6001, 6002, 6009, 6010, 6012, 6013, 6014, 6027, 6029, 6033, 6035, 6037, 6038, 6044, 6046, 6048, 6073, 6078, 6087, 6091, 6093, 6099, 6100, 97, 98, 1097, 1098, 2036, 2051, 2052, 2097, 2098, 3036, 3051, 3052, 3097, 3098, 4036, 4051, 4052, 4097, 4098, 5020, 5036, 5051, 5052, 5097, 5098, 6020, 6036, 6051, 6052, 6097, 6098, 4020, 3020, 2020]"
kljaitly,0,['p_das'],-1,"[5002, 5060, 4002, 4060, 6002, 5001, 4001, 6001, 5068, 4068, 5010, 4010, 6010, 5072, 5073, 4072, 4071, 5014, 4014, 6014, 61, 62, 63, 64, 65, 68, 69, 72, 76, 87, 91, 93, 96, 97, 98, 99, 100, 101, 1060, 1061, 1062, 1063, 1064, 1065, 1068, 1069, 1072, 1073, 1076, 1077, 1087, 1091, 1093, 1096, 1097, 1098, 1099, 1100, 1101, 2001, 2002, 2003, 2004, 2005, 2006, 2009, 2010, 2012, 2013, 2014, 2018, 2020, 2027, 2029, 2033, 2034, 2035, 2036, 2037, 2038, 2046, 2048, 2051, 2052, 2060, 2061, 2062, 2063, 2064, 2065, 2068, 2069, 2070, 2072, 2073, 2076, 2077, 2078, 2087, 2091, 2093, 2096, 2097, 2098, 2099, 2100, 2101, 3009, 3010, 3012, 3013, 3014, 3018, 3020, 3027, 3029, 3033, 3034, 3035, 3036, 3037, 3038, 3044, 3046, 3048, 3051, 3052, 3060, 3061, 3062, 3064, 3068, 3069, 3070, 3072, 3073, 3076, 3077, 3078, 3087, 3091, 3093, 3096, 3097, 3098, 3099, 3100, 3101, 4003, 4004, 4005, 4006, 4009, 4012, 4013, 4017, 4018, 4020, 4027, 4029, 4033, 4034, 4035, 4036, 4037, 4038, 4046, 4048, 4051, 4052, 4062, 4064, 4070, 4075, 4076, 4078, 4087, 4091, 4093, 4096, 4097, 4098, 4099, 4100, 4101, 5003, 5004, 5005, 5006, 5009, 5012, 5013, 5017, 5018, 5020, 5027, 5029, 5033, 5034, 5035, 5036, 5037, 5038, 5044, 5046, 5048, 5051, 5052, 5062, 5064, 5070, 5076, 5077, 5078, 5087, 5091, 5093, 5096, 5097, 5098, 5099, 5100, 5101, 6003, 6004, 6005, 6006, 6009, 6012, 6013, 6017, 6018, 6020, 6027, 6029, 6033, 6034, 6035, 6036, 6037, 6038, 6044, 6046, 6048, 6051, 6052, 6073, 6077, 6078, 60, 6087, 6091, 6093, 6096, 6097, 6098, 6099, 6100, 6101]"
nheravi,0,['jiajiaz'],-1,"[5020, 6020, 6001, 6044, 6035, 5044, 6038, 5035, 5060, 5038, 5001, 5037, 4046, 5002, 4001, 4029, 3091, 2001, 2061, 2035, 2037, 2038, 2002, 2060, 60, 61, 62, 63, 64, 65, 68, 69, 72, 76, 87, 91, 93, 96, 97, 98, 99, 100, 101, 1060, 1061, 1062, 1063, 1064, 1065, 1068, 1069, 1072, 1073, 1076, 1077, 1087, 1091, 1093, 1096, 1097, 1098, 1099, 1100, 1101, 2003, 2004, 2005, 2006, 2009, 2010, 2012, 2013, 2014, 2018, 2020, 2027, 2029, 2033, 2034, 2036, 2046, 2048, 2051, 2052, 2062, 2063, 2064, 2065, 2068, 2069, 2070, 2072, 2073, 2076, 2077, 2078, 2087, 2091, 2093, 2096, 2097, 2098, 2099, 2100, 2101, 3009, 3010, 3012, 3013, 3014, 3018, 3020, 3027, 3029, 3033, 3034, 3035, 3036, 3037, 3038, 3044, 3046, 3048, 3051, 3052, 3060, 3061, 3062, 3064, 3068, 3069, 3070, 3072, 3073, 3076, 3077, 3078, 3087, 3093, 3096, 3097, 3098, 3099, 3100, 3101, 4002, 4003, 4004, 4005, 4006, 4009, 4010, 4012, 4013, 4014, 4017, 4018, 4020, 4027, 4033, 4034, 4035, 4036, 4037, 4038, 4048, 4051, 4052, 4060, 4062, 4064, 4068, 4070, 4071, 4072, 4075, 4076, 4078, 4087, 4091, 4093, 4096, 4097, 4098, 4099, 4100, 4101, 5003, 5004, 5005, 5006, 5009, 5010, 5012, 5013, 5014, 5017, 5018, 5027, 5029, 5033, 5034, 5036, 5046, 5048, 5051, 5052, 5062, 5064, 5068, 5070, 5072, 5073, 5076, 5077, 5078, 5087, 5091, 5093, 5096, 5097, 5098, 5099, 5100, 5101, 6002, 6003, 6004, 6005, 6006, 6009, 6010, 6012, 6013, 6014, 6017, 6018, 6027, 6029, 6033, 6034, 6036, 6037, 6046, 6048, 6051, 6052, 6073, 6077, 6078, 6087, 6091, 6093, 6096, 6097, 6098, 6099, 6100, 6101]"
vvachh,0,['kulpreet'],4071,"[4020, 4091, 4001, 4071]"
jiajiaz,0,['nheravi'],-1,"[5020, 6020, 6001, 6044, 6035, 5044, 6038, 5035, 5060, 5038, 5001, 5037, 4046, 5002, 4001, 4029, 3091, 2001, 2061, 2035, 2037, 2038, 2002, 2060, 60, 61, 62, 63, 64, 65, 68, 69, 72, 76, 87, 91, 93, 96, 97, 98, 99, 100, 101, 1060, 1061, 1062, 1063, 1064, 1065, 1068, 1069, 1072, 1073, 1076, 1077, 1087, 1091, 1093, 1096, 1097, 1098, 1099, 1100, 1101, 2003, 2004, 2005, 2006, 2009, 2010, 2012, 2013, 2014, 2018, 2020, 2027, 2029, 2033, 2034, 2046, 2048, 2051, 2052, 2062, 2063, 2064, 2065, 2068, 2069, 2070, 2072, 2073, 2076, 2077, 2078, 2087, 2091, 2093, 2096, 2097, 2098, 2099, 2100, 2101, 3009, 3010, 3012, 3013, 3014, 3018, 3020, 3027, 3029, 3033, 3034, 3035, 3036, 3037, 3038, 3044, 3046, 3048, 3051, 3052, 3060, 3061, 3062, 3064, 3068, 3069, 3070, 3072, 3073, 3076, 2036, 3077, 3078, 3087, 3093, 3096, 3097, 3098, 3099, 3100, 3101, 4002, 4003, 4004, 4005, 4006, 4009, 4010, 4012, 4013, 4014, 4017, 4018, 4020, 4027, 4033, 4034, 4035, 4036, 4037, 4038, 4048, 4051, 4052, 4060, 4062, 4064, 4068, 4070, 4071, 4072, 4075, 4076, 4078, 4087, 4091, 4093, 4096, 4097, 4098, 4099, 4100, 4101, 5003, 5004, 5005, 5006, 5009, 5010, 5012, 5013, 5014, 5017, 5018, 5027, 5029, 5033, 5034, 5036, 5046, 5048, 5051, 5052, 5062, 5064, 5068, 5070, 5072, 5073, 5076, 5077, 5078, 5087, 5091, 5093, 5096, 5097, 5098, 5099, 5100, 5101, 6002, 6003, 6004, 6005, 6006, 6009, 6010, 6012, 6013, 6014, 6017, 6018, 6027, 6029, 6033, 6034, 6036, 6037, 6046, 6048, 6051, 6052, 6073, 6077, 6078, 6087, 6091, 6093, 6096, 6097, 6098, 6099, 6100, 6101]"
lvnguyen,0,[],-1,"[6044, 2009, 60, 62, 63, 64, 65, 61, 100, 68, 69, 72, 76, 87, 91, 93, 96, 101, 97, 98, 99, 1060, 1062, 1063, 1064, 1065, 1068, 1069, 1072, 1073, 1076, 1077, 1087, 1091, 1093, 1096, 1097, 1098, 1099, 1100, 1101, 2001, 2002, 2003, 2004, 2005, 2006, 2010, 2012, 2013, 2014, 1061, 2018, 2020, 2027, 2029, 2033, 2034, 2035, 2036, 2037, 2038, 2046, 2048, 2051, 2052, 2060, 2061, 2062, 2063, 2064, 2065, 2068, 2069, 2070, 2072, 2073, 2076, 2077, 2078, 2087, 2091, 2093, 2096, 2097, 2098, 2099, 2100, 2101, 3009, 3010, 3012, 3013, 3014, 3018, 3020, 3027, 3029, 3033, 3034, 3035, 3036, 3037, 3038, 3044, 3046, 3048, 3051, 3052, 3060, 3061, 3062, 3064, 3068, 3069, 3070, 3072, 3073, 3076, 3077, 3078, 3087, 3091, 3093, 3096, 3097, 3098, 3099, 3100, 3101, 4001, 4002, 4003, 4004, 4005, 4006, 4009, 4010, 4012, 4013, 4014, 4017, 4018, 4020, 4027, 4029, 4033, 4034, 4035, 4036, 4037, 4038, 4046, 4048, 4051, 4052, 4060, 4062, 4064, 4068, 4070, 4071, 4072, 4075, 4076, 4078, 4087, 4091, 4093, 4096, 4097, 4098, 4099, 4100, 4101, 5001, 5002, 5003, 5004, 5005, 5006, 5009, 5010, 5012, 5013, 5014, 5017, 5018, 5020, 5027, 5029, 5033, 5034, 5035, 5036, 5037, 5038, 5044, 5046, 5048, 5051, 5052, 5060, 5062, 5064, 5068, 5070, 5072, 5073, 5076, 5077, 5078, 5087, 5091, 5093, 5096, 5097, 5098, 5099, 5100, 5101, 6001, 6002, 6003, 6004, 6005, 6006, 6009, 6010, 6012, 6013, 6014, 6017, 6018, 6020, 6027, 6029, 6033, 6034, 6035, 6036, 6037, 6038, 6046, 6048, 6051, 6052, 6073, 6077, 6078, 6087, 6091, 6093, 6096, 6097, 6098, 6099, 6100, 6101]"
njs,0,[],-1,"[6001, 6002, 62, 63, 64, 65, 68, 69, 72, 76, 87, 91, 93, 96, 97, 98, 99, 100, 101, 1060, 1061, 1062, 1063, 1064, 1065, 1068, 1069, 1072, 1073, 1076, 1077, 1087, 1091, 1093, 1096, 1097, 1098, 1099, 1100, 1101, 2001, 2002, 2003, 2004, 2005, 2006, 2009, 2010, 2012, 2013, 2014, 2018, 2020, 2027, 2029, 2033, 2034, 2035, 2036, 2037, 2038, 2046, 2048, 2051, 2052, 2060, 2061, 2062, 2063, 2064, 2065, 2068, 2069, 2070, 2072, 2073, 2076, 2077, 2078, 2087, 2091, 2093, 2096, 2097, 2098, 2099, 2100, 2101, 3009, 3010, 3012, 3013, 3014, 3018, 3020, 3027, 3029, 3033, 3034, 3035, 3036, 3037, 3038, 3044, 3046, 3048, 3051, 3052, 3060, 3061, 3062, 3064, 3068, 3069, 3070, 3072, 3073, 3076, 3077, 3078, 3087, 3091, 3093, 3096, 3097, 3098, 3099, 3100, 3101, 4001, 4002, 4003, 4004, 4005, 4006, 4009, 4010, 4012, 4013, 4014, 4017, 4018, 4020, 4027, 4029, 4033, 4034, 4035, 4036, 4037, 4038, 4046, 4048, 4051, 4052, 4060, 4062, 4064, 4068, 4070, 4071, 4072, 4075, 4076, 4078, 4087, 4091, 4093, 4096, 4097, 4098, 4099, 4100, 4101, 5001, 5002, 5003, 5004, 5005, 5006, 5009, 5010, 5012, 5013, 5014, 5017, 5018, 5020, 5027, 5029, 5033, 5034, 5035, 5036, 5037, 5038, 5044, 5046, 5048, 5051, 5052, 5060, 5062, 5064, 5068, 5070, 5072, 5073, 5076, 5077, 5078, 5087, 5091, 5093, 5096, 5097, 5098, 5099, 5100, 5101, 6003, 6004, 6005, 6006, 6009, 6010, 6012, 60, 6013, 6014, 6017, 6018, 6020, 6027, 6029, 6033, 6034, 6035, 6036, 6037, 6038, 6044, 6046, 6048, 6051, 6052, 6073, 6077, 6078, 6087, 6091, 6093, 6096, 6097, 6098, 6099, 6100, 6101, 61]"
p_das,0,['kljaitly'],-1,"[5002, 5060, 4002, 4060, 6002, 5001, 4001, 6001, 5068, 4068, 5010, 4010, 6010, 5072, 5073, 4072, 4071, 5014, 4014, 6014, 61, 60, 62, 63, 64, 65, 68, 69, 72, 76, 87, 91, 93, 96, 97, 98, 99, 100, 101, 1060, 1061, 1062, 1063, 1064, 1065, 1068, 1069, 1072, 1073, 1076, 1077, 1087, 1091, 1093, 1096, 1097, 1098, 1099, 1100, 1101, 2001, 2002, 2003, 2004, 2005, 2006, 2009, 2010, 2012, 2013, 2014, 2018, 2020, 2027, 2029, 2033, 2034, 2035, 2036, 2037, 2038, 2046, 2048, 2051, 2052, 2060, 2061, 2062, 2063, 2064, 2065, 2068, 2069, 2070, 2072, 2073, 2076, 2077, 2078, 2087, 2091, 2093, 2096, 2097, 2098, 2099, 2100, 2101, 3009, 3010, 3012, 3013, 3014, 3018, 3020, 3027, 3029, 3033, 3034, 3035, 3036, 3037, 3038, 3044, 3046, 3048, 3051, 3052, 3060, 3061, 3062, 3064, 3068, 3069, 3070, 3072, 3073, 3076, 3077, 3078, 3087, 3091, 3093, 3096, 3097, 3098, 3099, 3100, 3101, 4003, 4004, 4005, 4006, 4009, 4012, 4013, 4017, 4018, 4020, 4027, 4029, 4033, 4034, 4035, 4036, 4037, 4038, 4046, 4048, 4051, 4052, 4062, 4064, 4070, 4075, 4076, 4078, 4087, 4091, 4093, 4096, 4097, 4098, 4099, 4100, 4101, 5003, 5004, 5005, 5006, 5009, 5012, 5013, 5017, 5018, 5020, 5027, 5029, 5033, 5034, 5035, 5036, 5037, 5038, 5044, 5046, 5048, 5051, 5052, 5062, 5064, 5070, 5076, 5077, 5078, 5087, 5091, 5093, 5096, 5097, 5098, 5099, 5100, 5101, 6003, 6004, 6005, 6006, 6009, 6012, 6013, 6017, 6018, 6020, 6027, 6029, 6033, 6034, 6035, 6036, 6037, 6038, 6044, 6046, 6048, 6051, 6052, 6073, 6077, 6078, 6087, 6091, 6093, 6096, 6097, 6098, 6099, 6100, 6101]"
heeyoon,0,['lyndat'],-1,"[91, 68, 69, 87, 93, 72, 99, 60, 61, 62, 63, 64, 65, 76, 96, 97, 98, 100, 101, 1060, 1061, 1062, 1063, 1064, 1065, 1068, 1069, 1072, 1073, 1076, 1077, 1087, 1091, 1093, 1096, 1097, 1098, 1099, 1100, 1101, 2001, 2002, 2003, 2004, 2005, 2006, 2009, 2010, 2012, 2013, 2014, 2018, 2020, 2027, 2029, 2033, 2034, 2035, 2036, 2037, 2038, 2046, 2048, 2051, 2052, 2060, 2061, 2062, 2063, 2064, 2065, 2068, 2069, 2070, 2072, 2073, 2076, 2077, 2078, 2087, 2091, 2093, 2096, 2097, 2098, 2099, 2100, 2101, 3009, 3010, 3012, 3013, 3014, 3018, 3020, 3027, 3029, 3033, 3034, 3035, 3036, 3037, 3038, 3044, 3046, 3048, 3051, 3052, 3060, 3061, 3062, 3064, 3068, 3069, 3070, 3072, 3073, 3076, 3077, 3078, 3087, 3091, 3093, 3096, 3097, 3098, 3099, 3100, 3101, 4001, 4002, 4003, 4004, 4005, 4006, 4009, 4010, 4012, 4013, 4014, 4017, 4018, 4020, 4027, 4029, 4033, 4034, 4035, 4036, 4037, 4038, 4046, 4048, 4051, 4052, 4060, 4062, 4064, 4068, 4070, 4071, 4072, 4075, 4076, 4078, 4087, 4091, 4093, 4096, 4097, 4098, 4099, 4100, 4101, 5001, 5002, 5003, 5004, 5005, 5006, 5009, 5010, 5012, 5013, 5014, 5017, 5018, 5020, 5027, 5029, 5033, 5034, 5035, 5036, 5037, 5038, 5044, 5046, 5048, 5051, 5052, 5060, 5062, 5064, 5068, 5070, 5072, 5073, 5076, 5077, 5078, 5087, 5091, 5093, 5096, 5097, 5098, 5099, 5100, 5101, 6001, 6002, 6003, 6004, 6005, 6006, 6009, 6010, 6012, 6013, 6014, 6017, 6018, 6020, 6027, 6029, 6033, 6034, 6035, 6036, 6037, 6038, 6044, 6046, 6048, 6051, 6052, 6073, 6077, 6078, 6087, 6091, 6093, 6096, 6097, 6098, 6099, 6100, 6101]"
lylaatta,0,"['acmiskho', 'cge']",-1,"[6097, 6098, 5097, 3036, 3097, 5098, 4097, 2036, 2097, 4098, 3098, 1097, 2098, 1098, 60, 61, 62, 63, 64, 65, 68, 69, 72, 76, 87, 91, 93, 96, 97, 98, 99, 100, 101, 1060, 1061, 1062, 1063, 1064, 1065, 1068, 1069, 1072, 1073, 1076, 1077, 1087, 1091, 1093, 1096, 1099, 1100, 1101, 2001, 2002, 2003, 2004, 2005, 2006, 2009, 2010, 2012, 2013, 2014, 2018, 2020, 2027, 2029, 2033, 2034, 2035, 2037, 2038, 2046, 2048, 2051, 2052, 2060, 2061, 2062, 2063, 2064, 2065, 2068, 2069, 2070, 2072, 2073, 2076, 2077, 2078, 2087, 2091, 2093, 2096, 2099, 2100, 2101, 3009, 3010, 3012, 3013, 3014, 3018, 3020, 3027, 3029, 3033, 3034, 3035, 3037, 3038, 3044, 3046, 3048, 3051, 3052, 3060, 3061, 3062, 3064, 3068, 3069, 3070, 3072, 3073, 3076, 3077, 3078, 3087, 3091, 3093, 3096, 3099, 3100, 3101, 4001, 4002, 4003, 4004, 4005, 4006, 4009, 4010, 4012, 4013, 4014, 4017, 4018, 4020, 4027, 4029, 4033, 4034, 4035, 4036, 4037, 4038, 4046, 4048, 4051, 4052, 4060, 4062, 4064, 4068, 4070, 4071, 4072, 4075, 4076, 4078, 4087, 4091, 4093, 4096, 4099, 4100, 4101, 5001, 5002, 5003, 5004, 5005, 5006, 5009, 5010, 5012, 5013, 5014, 5017, 5018, 5020, 5027, 5029, 5033, 5034, 5035, 5036, 5037, 5038, 5044, 5046, 5048, 5051, 5052, 5060, 5062, 5064, 5068, 5070, 5072, 5073, 5076, 5077, 5078, 5087, 5091, 5093, 5096, 5099, 5100, 5101, 6001, 6002, 6003, 6004, 6005, 6006, 6009, 6010, 6012, 6013, 6014, 6017, 6018, 6020, 6027, 6029, 6033, 6034, 6035, 6036, 6037, 6038, 6044, 6046, 6048, 6051, 6052, 6073, 6077, 6078, 6087, 6091, 6093, 6096, 6099, 6100, 6101]"
timothym,0,[],-1,"[60, 61, 62, 63, 64, 65, 68, 69, 72, 76, 87, 91, 93, 96, 97, 98, 99, 100, 101, 1060, 1061, 1062, 1063, 1064, 1065, 1068, 1069, 1072, 1073, 1076, 1077, 1087, 1091, 1093, 1096, 1097, 1098, 1099, 1100, 1101, 2001, 2002, 2003, 2004, 2005, 2006, 2009, 2010, 2012, 2013, 2014, 2018, 2020, 2027, 2029, 2033, 2034, 2035, 2036, 2037, 2038, 2046, 2048, 2051, 2052, 2060, 2061, 2062, 2063, 2064, 2065, 2068, 2069, 2070, 2072, 2073, 2076, 2077, 2078, 2087, 2091, 2093, 2096, 2097, 2098, 2099, 2100, 2101, 3009, 3010, 3012, 3013, 3014, 3018, 3020, 3027, 3029, 3033, 3034, 3035, 3036, 3037, 3038, 3044, 3046, 3048, 3051, 3052, 3060, 3061, 3062, 3064, 3068, 3069, 3070, 3072, 3073, 3076, 3077, 3078, 3087, 3091, 3093, 3096, 3097, 3098, 3099, 3100, 3101, 4001, 4002, 4003, 4004, 4005, 4006, 4009, 4010, 4012, 4013, 4014, 4017, 4018, 4020, 4027, 4029, 4033, 4034, 4035, 4036, 4037, 4038, 4046, 4048, 4051, 4052, 4060, 4062, 4064, 4068, 4070, 4071, 4072, 4075, 4076, 4078, 4087, 4091, 4093, 4096, 4097, 4098, 4099, 4100, 4101, 5001, 5002, 5003, 5004, 5005, 5006, 5009, 5010, 5012, 5013, 5014, 5017, 5018, 5020, 5027, 5029, 5033, 5034, 5035, 5036, 5037, 5038, 5044, 5046, 5048, 5051, 5052, 5060, 5062, 5064, 5068, 5070, 5072, 5073, 5076, 5077, 5078, 5087, 5091, 5093, 5096, 5097, 5098, 5099, 5100, 5101, 6001, 6002, 6003, 6004, 6005, 6006, 6009, 6010, 6012, 6013, 6014, 6017, 6018, 6020, 6027, 6029, 6033, 6034, 6035, 6036, 6037, 6038, 6044, 6046, 6048, 6051, 6052, 6073, 6077, 6078, 6087, 6091, 6093, 6096, 6097, 6098, 6099, 6100, 6101]"
acmiskho,0,"['cge', 'lylaatta']",-1,"[6097, 6098, 5097, 3036, 3097, 5098, 4097, 2036, 2097, 4098, 3098, 1097, 2098, 1098, 60, 61, 62, 63, 64, 65, 68, 69, 72, 76, 87, 91, 93, 96, 97, 98, 99, 100, 101, 1060, 1061, 1062, 1063, 1064, 1065, 1068, 1069, 1072, 1073, 1076, 1077, 1087, 1091, 1093, 1096, 1099, 1100, 1101, 2001, 2002, 2003, 2004, 2005, 2006, 2009, 2010, 2012, 2013, 2014, 2018, 2020, 2027, 2029, 2033, 2034, 2035, 2037, 2038, 2046, 2048, 2051, 2052, 2060, 2061, 2062, 2063, 2064, 2065, 2068, 2069, 2070, 2072, 2073, 2076, 2077, 2078, 2087, 2091, 2093, 2096, 2099, 2100, 2101, 3009, 3010, 3012, 3013, 3014, 3018, 3020, 3027, 3029, 3033, 3034, 3035, 3037, 3038, 3044, 3046, 3048, 3051, 3052, 3060, 3061, 3062, 3064, 3068, 3069, 3070, 3072, 3073, 3076, 3077, 3078, 3087, 3091, 3093, 3096, 3099, 3100, 3101, 4001, 4002, 4003, 4004, 4005, 4006, 4009, 4010, 4012, 4013, 4014, 4017, 4018, 4020, 4027, 4029, 4033, 4034, 4035, 4036, 4037, 4038, 4046, 4048, 4051, 4052, 4060, 4062, 4064, 4068, 4070, 4071, 4072, 4075, 4076, 4078, 4087, 4091, 4093, 4096, 4099, 4100, 4101, 5001, 5002, 5003, 5004, 5005, 5006, 5009, 5010, 5012, 5013, 5014, 5017, 5018, 5020, 5027, 5029, 5033, 5034, 5035, 5036, 5037, 5038, 5044, 5046, 5048, 5051, 5052, 5060, 5062, 5064, 5068, 5070, 5072, 5073, 5076, 5077, 5078, 5087, 5091, 5093, 5096, 5099, 5100, 5101, 6001, 6002, 6003, 6004, 6005, 6006, 6009, 6010, 6012, 6013, 6014, 6017, 6018, 6020, 6027, 6029, 6033, 6034, 6035, 6036, 6037, 6038, 6044, 6046, 6048, 6051, 6052, 6073, 6077, 6078, 6087, 6091, 6093, 6096, 6099, 6100, 6101]"
cge,0,"['acmiskho', 'lylaatta']",-1,"[6097, 6098, 5097, 3036, 3097, 5098, 4097, 2036, 2097, 4098, 3098, 1097, 2098, 1098, 60, 61, 62, 63, 64, 65, 68, 69, 72, 76, 87, 91, 93, 96, 98, 97, 99, 100, 101, 1060, 1061, 1062, 1063, 1064, 1065, 1068, 1069, 1072, 1073, 1076, 1077, 1087, 1091, 1093, 1096, 1099, 1100, 1101, 2001, 2002, 2003, 2004, 2005, 2006, 2009, 2010, 2012, 2013, 2014, 2018, 2020, 2027, 2029, 2033, 2034, 2035, 2037, 2038, 2046, 2048, 2051, 2052, 2060, 2061, 2062, 2063, 2064, 2065, 2068, 2069, 2070, 2072, 2073, 2076, 2077, 2078, 2087, 2091, 2093, 2096, 2099, 2100, 2101, 3009, 3010, 3012, 3013, 3014, 3018, 3020, 3027, 3029, 3033, 3034, 3035, 3037, 3038, 3044, 3046, 3048, 3051, 3052, 3060, 3061, 3062, 3064, 3068, 3069, 3070, 3072, 3073, 3076, 3077, 3078, 3087, 3091, 3093, 3096, 3099, 3100, 3101, 4001, 4002, 4003, 4004, 4005, 4006, 4009, 4010, 4012, 4013, 4014, 4017, 4018, 4020, 4027, 4029, 4033, 4034, 4035, 4036, 4037, 4038, 4046, 4048, 4051, 4052, 4060, 4062, 4064, 4068, 4070, 4071, 4072, 4075, 4076, 4078, 4087, 4091, 4093, 4096, 4099, 4100, 4101, 5001, 5002, 5003, 5004, 5005, 5006, 5009, 5010, 5012, 5013, 5014, 5017, 5018, 5020, 5027, 5029, 5033, 5034, 5035, 5036, 5037, 5038, 5044, 5046, 5048, 5051, 5052, 5060, 5062, 5064, 5068, 5070, 5072, 5073, 5076, 5077, 5078, 5087, 5091, 5093, 5096, 5099, 5100, 5101, 6001, 6002, 6003, 6004, 6005, 6006, 6009, 6010, 6012, 6013, 6014, 6017, 6018, 6020, 6027, 6029, 6033, 6034, 6035, 6036, 6037, 6038, 6044, 6046, 6048, 6051, 6052, 6073, 6077, 6078, 6087, 6091, 6093, 6096, 6099, 6100, 6101]"
tejassun,0,['anistala'],-1,"[5027, 60, 61, 62, 63, 64, 65, 68, 69, 72, 76, 87, 91, 93, 96, 97, 98, 99, 100, 101, 1060, 1061, 1062, 1063, 1064, 1065, 1068, 1069, 1072, 1073, 1076, 1077, 1087, 1091, 1093, 1096, 1097, 1098, 1099, 1100, 1101, 2001, 2002, 2003, 2004, 2005, 2006, 2009, 2010, 2012, 2013, 2014, 2018, 2020, 2027, 2029, 2033, 2034, 2035, 2036, 2037, 2038, 2046, 2048, 2051, 2052, 2060, 2061, 2062, 2063, 2064, 2065, 2068, 2069, 2070, 2072, 2073, 2076, 2077, 2078, 2087, 2091, 2093, 2096, 2097, 2098, 2099, 2100, 2101, 3009, 3010, 3012, 3013, 3014, 3018, 3020, 3027, 3029, 3033, 3034, 3035, 3036, 3037, 3038, 3044, 3046, 3048, 3051, 3052, 3060, 3061, 3062, 3064, 3068, 3069, 3070, 3072, 3073, 3076, 3077, 3078, 3087, 3091, 3093, 3096, 3097, 3098, 3099, 3100, 3101, 4001, 4002, 4003, 4004, 4005, 4006, 4009, 4010, 4012, 4013, 4014, 4017, 4018, 4020, 4027, 4029, 4033, 4034, 4035, 4036, 4037, 4038, 4046, 4048, 4051, 4052, 4060, 4062, 4064, 4068, 4070, 4071, 4072, 4075, 4076, 4078, 4087, 4091, 4093, 4096, 4097, 4098, 4099, 4100, 4101, 5001, 5002, 5003, 5004, 5005, 5006, 5009, 5010, 5012, 5013, 5014, 5017, 5018, 5020, 5029, 5033, 5034, 5035, 5036, 5037, 5038, 5044, 5046, 5048, 5051, 5052, 5060, 5062, 5064, 5068, 5070, 5072, 5073, 5076, 5077, 5078, 5087, 5091, 5093, 5096, 5097, 5098, 5099, 5100, 5101, 6001, 6002, 6003, 6004, 6005, 6006, 6009, 6010, 6012, 6013, 6014, 6017, 6018, 6020, 6027, 6029, 6033, 6034, 6035, 6036, 6037, 6038, 6044, 6046, 6048, 6051, 6052, 6073, 6077, 6078, 6087, 6091, 6093, 6096, 6097, 6098, 6099, 6100, 6101]"
mcs2,0,['tkdefig'],-1,"[6001, 6002, 4001, 4002, 6010, 6014, 6009, 6013, 6035, 6038, 6037, 6029, 6078, 6020, 4060, 5001, 5002, 5060, 3061, 3060, 2001, 2002, 2060, 2061, 2003, 2004, 2005, 2006, 2009, 2010, 2012, 2013, 2014, 2018, 2020, 2027, 2029, 2033, 2034, 2035, 2036, 2037, 2038, 2046, 2048, 2051, 2052, 2062, 2063, 2064, 2065, 2068, 2069, 2070, 2072, 2073, 2076, 2077, 2078, 2087, 2091, 2093, 2096, 2097, 2098, 2099, 2100, 2101, 3009, 3010, 3012, 3013, 3014, 3018, 3020, 3027, 3029, 3033, 3034, 3035, 3036, 3037, 3038, 3044, 3046, 3048, 3051, 3052, 3062, 3064, 3068, 3069, 3070, 3072, 3073, 3076, 3077, 3078, 3087, 3091, 3093, 3096, 3097, 3098, 3099, 3100, 3101, 4003, 4004, 4005, 4006, 4009, 4010, 4012, 4013, 4014, 4017, 4018, 4020, 4027, 4029, 4033, 4034, 4035, 4036, 4037, 4038, 4046, 4048, 4051, 4052, 4062, 4064, 4068, 4070, 4071, 4072, 4075, 4076, 4078, 4087, 4091, 4093, 4096, 4097, 4098, 4099, 4100, 4101, 5003, 5004, 5005, 5006, 5009, 5010, 5012, 5013, 5014, 5017, 5018, 5020, 5027, 5029, 5033, 5034, 5035, 5036, 5037, 5038, 5044, 5046, 5048, 5051, 5052, 5062, 5064, 5068, 5070, 5072, 5073, 5076, 5077, 5078, 5087, 5091, 5093, 5096, 5097, 5098, 5099, 5100, 5101, 6003, 6004, 6005, 6006, 6012, 6017, 6018, 6027, 6033, 6034, 6036, 6044, 6046, 6048, 6051, 6052, 6073, 6077, 6087, 6091, 6093, 6096, 6097, 6098, 6099, 6100, 6101, 1060, 1077, 1096, 1061, 1064, 1063, 1099, 1087, 1098, 1097, 1100, 1068, 1065, 1062, 1069, 1093, 1076, 1073, 1101, 1091, 1072, 60, 61, 62, 63, 64, 65, 68, 69, 72, 76, 87, 91, 93, 96, 97, 98, 99, 100, 101]"
tkdefig,0,['mcs2'],-1,"[6001, 6002, 4001, 4002, 6010, 6014, 6009, 6013, 6035, 6038, 6037, 6029, 6078, 6020, 4060, 5001, 5002, 5060, 3061, 3060, 2001, 2002, 2060, 2061, 4010, 4009, 4014, 4013, 4091, 4071, 4072, 4093, 4087, 4020, 4068, 5010, 5009, 5014, 5013, 5020, 5068, 5073, 5072, 2010, 2009, 2020, 2068, 2069, 2073, 2038, 2035, 2072, 2029, 2037, 2027, 3020, 3068, 3072, 3073, 3069, 3014, 3013, 3029, 3035, 2005, 2006, 2012, 2013, 2014, 2018, 2004, 2033, 2034, 2036, 2046, 2048, 2051, 2052, 2062, 2063, 2064, 2065, 2070, 2076, 2077, 2078, 2087, 2091, 2093, 2096, 2097, 2098, 2099, 2100, 2101, 3009, 3010, 3012, 2003, 3018, 3027, 3033, 3034, 3036, 3037, 3038, 3044, 3046, 3048, 3051, 3052, 3062, 3064, 3070, 3076, 3077, 3078, 3087, 3091, 3093, 3096, 3097, 3098, 3099, 3100, 3101, 4003, 4004, 4005, 4006, 4012, 4017, 4018, 1087, 4027, 4029, 4033, 4034, 4035, 4036, 4037, 4038, 4046, 4048, 4051, 4052, 4062, 4064, 4070, 4075, 4076, 4078, 4096, 4097, 4098, 4099, 4100, 4101, 5003, 5004, 5005, 5006, 5012, 5017, 5018, 5027, 5029, 5033, 5034, 5035, 5036, 5037, 5038, 5044, 5046, 5048, 5051, 5052, 5062, 5064, 5070, 5076, 5077, 5078, 5087, 5091, 5093, 5096, 5097, 5098, 5099, 5100, 5101, 6003, 1076, 6004, 6005, 6006, 1069, 6012, 6017, 6018, 1068, 6027, 6033, 6034, 1065, 6036, 6044, 6046, 6048, 6051, 6052, 6073, 6077, 6087, 6091, 6093, 6096, 1064, 6097, 1063, 6098, 6099, 1072, 1091, 1096, 1073, 1098, 1093, 1100, 1097, 1099, 1101, 6100, 65, 101, 1077, 1061, 1060, 6101, 60, 61, 100, 1062, 64, 62, 72, 63, 69, 68, 91, 87, 93, 99, 96, 98, 97, 76]"
hehuynh,0,['erinhong'],-1,"[4014, 60, 61, 62, 63, 64, 65, 68, 69, 72, 76, 87, 91, 93, 96, 97, 98, 99, 100, 101, 1060, 1061, 1062, 1063, 1064, 1065, 1068, 1069, 1072, 1073, 1076, 1077, 1087, 1091, 1093, 1096, 1097, 1098, 1099, 1100, 1101, 2001, 2002, 2003, 2004, 2005, 2006, 2009, 2010, 2012, 2013, 2014, 2018, 2020, 2027, 2029, 2033, 2034, 2035, 2036, 2037, 2038, 2046, 2048, 2051, 2052, 2060, 2061, 2062, 2063, 2064, 2065, 2068, 2069, 2070, 2072, 2073, 2076, 2077, 2078, 2087, 2091, 2093, 2096, 2097, 2098, 2099, 2100, 2101, 3009, 3010, 3012, 3013, 3014, 3018, 3020, 3027, 3029, 3033, 3034, 3035, 3036, 3037, 3038, 3044, 3046, 3048, 3051, 3052, 3060, 3061, 3062, 3064, 3068, 3069, 3070, 3072, 3073, 3076, 3077, 3078, 3087, 3091, 3093, 3096, 3097, 3098, 3099, 3100, 3101, 4001, 4002, 4003, 4004, 4005, 4006, 4009, 4010, 4012, 4013, 4017, 4018, 4020, 4027, 4029, 4033, 4034, 4035, 4036, 4037, 4038, 4046, 4048, 4051, 4052, 4060, 4062, 4064, 4068, 4070, 4071, 4072, 4075, 4076, 4078, 4087, 4091, 4093, 4096, 4097, 4098, 4099, 4100, 4101, 5001, 5002, 5003, 5004, 5005, 5006, 5009, 5010, 5012, 5013, 5014, 5017, 5018, 5020, 5027, 5029, 5033, 5034, 5035, 5036, 5037, 5038, 5044, 5046, 5048, 5051, 5052, 5060, 5062, 5064, 5068, 5070, 5072, 5073, 5076, 5077, 5078, 5087, 5091, 5093, 5096, 5097, 5098, 5099, 5100, 5101, 6001, 6002, 6003, 6004, 6005, 6006, 6009, 6010, 6012, 6013, 6014, 6017, 6018, 6020, 6027, 6029, 6033, 6034, 6035, 6036, 6037, 6038, 6044, 6046, 6048, 6051, 6052, 6073, 6077, 6078, 6087, 6091, 6093, 6096, 6097, 6098, 6099, 6100, 6101]"
rhogerry,0,['hrsugito'],-1,"[4071, 6101, 4010, 4006, 6100, 4070, 1077, 60, 61, 62, 63, 64, 65, 68, 69, 72, 76, 87, 91, 93, 96, 97, 98, 99, 100, 101, 1060, 1061, 1062, 1063, 1064, 1065, 1068, 1069, 1072, 1073, 1076, 1087, 1091, 1093, 1096, 1097, 1098, 1099, 1100, 1101, 2001, 2002, 2003, 2004, 2005, 2006, 2009, 2010, 2012, 2013, 2014, 2018, 2020, 2027, 2029, 2033, 2034, 2035, 2036, 2037, 2038, 2046, 2048, 2051, 2052, 2060, 2061, 2062, 2063, 2064, 2065, 2068, 2069, 2070, 2072, 2073, 2076, 2077, 2078, 2087, 2091, 2093, 2096, 2097, 2098, 2099, 2100, 2101, 3009, 3010, 3012, 3013, 3014, 3018, 3020, 3027, 3029, 3033, 3034, 3035, 3036, 3037, 3038, 3044, 3046, 3048, 3051, 3052, 3060, 3061, 3062, 3064, 3068, 3069, 3070, 3072, 3073, 3076, 3077, 3078, 3087, 3091, 3093, 3096, 3097, 3098, 3099, 3100, 3101, 4001, 4002, 4003, 4004, 4005, 4009, 4012, 4013, 4014, 4017, 4018, 4020, 4027, 4029, 4033, 4034, 4035, 4036, 4037, 4038, 4046, 4048, 4051, 4052, 4060, 4062, 4064, 4068, 4072, 4075, 4076, 4078, 4087, 4091, 4093, 4096, 4097, 4098, 4099, 4100, 4101, 5001, 5002, 5003, 5004, 5005, 5006, 5009, 5010, 5012, 5013, 5014, 5017, 5018, 5020, 5027, 5029, 5033, 5034, 5035, 5036, 5037, 5038, 5044, 5046, 5048, 5051, 5052, 5060, 5062, 5064, 5068, 5070, 5072, 5073, 5076, 5077, 5078, 5087, 5091, 5093, 5096, 5097, 5098, 5099, 5100, 5101, 6001, 6002, 6003, 6004, 6005, 6006, 6009, 6010, 6012, 6013, 6014, 6017, 6018, 6020, 6027, 6029, 6033, 6034, 6035, 6036, 6037, 6038, 6044, 6046, 6048, 6051, 6052, 6073, 6077, 6078, 6087, 6091, 6093, 6096, 6097, 6098, 6099]"
yamilep,0,[],-1,"[6077, 6017, 5077, 5017, 6004, 5076, 6018, 5018, 4075, 4017, 4076, 4018, 5101, 6101, 6096, 6034, 5096, 5034, 4101, 4096, 4034, 5003, 5004, 5006, 5062, 6003, 6006, 5005, 5064, 6005, 4004, 60, 61, 62, 63, 64, 65, 68, 69, 72, 76, 87, 91, 93, 6100, 96, 97, 98, 99, 100, 101, 1060, 1061, 1062, 1063, 1064, 1065, 1068, 1069, 1072, 1073, 1076, 1077, 1087, 1091, 1093, 1096, 1097, 1098, 1099, 1100, 1101, 2001, 2002, 2003, 2004, 2005, 2006, 2009, 2010, 2012, 2013, 2014, 2018, 2020, 2027, 2029, 2033, 2034, 2035, 2036, 2037, 2038, 2046, 2048, 2051, 2052, 2060, 2061, 2062, 2063, 2064, 2065, 2068, 2069, 2070, 2072, 2073, 2076, 2077, 2078, 2087, 2091, 2093, 2096, 2097, 2098, 2099, 2100, 2101, 3009, 3010, 3012, 3013, 3014, 3018, 3020, 3027, 3029, 3033, 3034, 3035, 3036, 3037, 3038, 3044, 3046, 3048, 3051, 3052, 3060, 3061, 3062, 3064, 3068, 3069, 3070, 3072, 3073, 3076, 3077, 3078, 3087, 3091, 3093, 3096, 3097, 3098, 3099, 3100, 3101, 4001, 4002, 4003, 4005, 4006, 4009, 4010, 4012, 4013, 4014, 4020, 4027, 4029, 4033, 4035, 4036, 4037, 4038, 4046, 4048, 4051, 4052, 4060, 4062, 4064, 4068, 4070, 4071, 4072, 4078, 4087, 4091, 4093, 4097, 4098, 4099, 4100, 5001, 5002, 5009, 5010, 5012, 5013, 5014, 5020, 5027, 5029, 5033, 5035, 5036, 5037, 5038, 5044, 5046, 5048, 5051, 5052, 5060, 5068, 5070, 5072, 5073, 5078, 5087, 5091, 5093, 5097, 5098, 5099, 5100, 6001, 6002, 6009, 6010, 6012, 6013, 6014, 6020, 6027, 6029, 6033, 6035, 6036, 6037, 6038, 6044, 6046, 6048, 6051, 6052, 6073, 6078, 6087, 6091, 6093, 6097, 6098, 6099]"
